Player,Team,PA,BA,OBP,SLG,OPS,HR,SB,ISO,HR_rate,GAP_rate,SB_rate,BB_rate,SO_rate,Cluster,Hitter_Type
Francisco Lindor,NYM,732.0,0.267,0.346,0.466,0.811,31.0,31.0,0.199,0.0423497267759562,0.0478142076502732,0.0423497267759562,0.0887978142076502,0.1789617486338797,1,거포형
Rafael Devers,2TM,729.0,0.252,0.372,0.479,0.851,35.0,1.0,0.2269999999999999,0.0480109739368998,0.0452674897119341,0.0013717421124828,0.1536351165980795,0.2633744855967078,1,거포형
Shohei Ohtani,LAD,727.0,0.282,0.392,0.622,1.014,55.0,20.0,0.34,0.0756533700137551,0.046767537826685,0.0275103163686382,0.1499312242090784,0.2572214580467675,1,거포형
Matt Olson,ATL,724.0,0.272,0.366,0.484,0.85,29.0,1.0,0.2119999999999999,0.0400552486187845,0.0593922651933701,0.0013812154696132,0.1256906077348066,0.2430939226519337,1,거포형
Kyle Schwarber,PHI,724.0,0.24,0.365,0.563,0.928,56.0,10.0,0.3229999999999999,0.0773480662983425,0.0345303867403314,0.0138121546961325,0.149171270718232,0.2720994475138121,1,거포형
Geraldo Perdomo,ARI,720.0,0.29,0.389,0.462,0.851,20.0,27.0,0.172,0.0277777777777777,0.0527777777777777,0.0375,0.1305555555555555,0.1152777777777777,2,교타·스피드형
Juan Soto,NYM,715.0,0.263,0.396,0.525,0.921,43.0,38.0,0.262,0.0601398601398601,0.0293706293706293,0.0531468531468531,0.1776223776223776,0.1916083916083916,1,거포형
Julio Rodr?guez,SEA,710.0,0.267,0.324,0.474,0.798,32.0,30.0,0.2069999999999999,0.0450704225352112,0.0492957746478873,0.0422535211267605,0.0619718309859154,0.2140845070422535,3,저타율 장타형
Randy Arozarena,SEA,709.0,0.238,0.334,0.426,0.76,27.0,31.0,0.188,0.0380818053596615,0.0465444287729196,0.0437235543018335,0.0902679830747531,0.2693935119887165,3,저타율 장타형
Pete Alonso,NYM,709.0,0.272,0.347,0.524,0.871,38.0,1.0,0.252,0.0535966149506347,0.0592383638928067,0.001410437235543,0.0860366713681241,0.2284908321579689,1,거포형
Cal Raleigh,SEA,705.0,0.247,0.359,0.589,0.948,60.0,14.0,0.3419999999999999,0.0851063829787234,0.0340425531914893,0.0198581560283687,0.1375886524822695,0.2666666666666666,1,거포형
Elly De La Cruz,CIN,699.0,0.264,0.336,0.44,0.777,22.0,37.0,0.176,0.0314735336194563,0.0543633762517882,0.0529327610872675,0.0958512160228898,0.2589413447782546,2,교타·스피드형
Brent Rooker,ATH,699.0,0.262,0.335,0.479,0.814,30.0,6.0,0.2169999999999999,0.0429184549356223,0.0615164520743919,0.0085836909871244,0.0929899856938483,0.2217453505007153,1,거포형
Jarren Duran,BOS,696.0,0.256,0.332,0.442,0.774,16.0,24.0,0.186,0.0229885057471264,0.0775862068965517,0.0344827586206896,0.0862068965517241,0.2428160919540229,2,교타·스피드형
Heliot Ramos,SFG,695.0,0.256,0.328,0.4,0.728,21.0,6.0,0.144,0.0302158273381294,0.0359712230215827,0.0086330935251798,0.074820143884892,0.2273381294964029,3,저타율 장타형
Steven Kwan,CLE,693.0,0.272,0.33,0.374,0.705,11.0,21.0,0.1019999999999999,0.0158730158730158,0.0432900432900432,0.0303030303030303,0.0793650793650793,0.0865800865800865,2,교타·스피드형
Fernando Tatis Jr.,SDP,691.0,0.268,0.368,0.446,0.814,25.0,32.0,0.178,0.0361794500723589,0.0419681620839363,0.0463096960926193,0.1287988422575977,0.1866859623733719,1,거포형
James Wood,WSN,689.0,0.256,0.35,0.475,0.825,31.0,15.0,0.2189999999999999,0.0449927431059506,0.0551523947750362,0.0217706821480406,0.1233671988388969,0.320754716981132,1,거포형
Bobby Witt Jr.,KCR,687.0,0.295,0.351,0.501,0.852,23.0,38.0,0.206,0.0334788937409024,0.0771470160116448,0.0553129548762736,0.0713245997088791,0.1819505094614265,2,교타·스피드형
Willy Adames,SFG,686.0,0.225,0.318,0.421,0.74,30.0,12.0,0.1959999999999999,0.0437317784256559,0.0349854227405247,0.0174927113702623,0.1166180758017492,0.260932944606414,1,거포형
TJ Friedl,CIN,685.0,0.261,0.364,0.378,0.742,14.0,12.0,0.1169999999999999,0.0204379562043795,0.0350364963503649,0.0175182481751824,0.1182481751824817,0.1678832116788321,2,교타·스피드형
Vinnie Pasquantino,KCR,682.0,0.264,0.323,0.475,0.798,32.0,1.0,0.2109999999999999,0.0469208211143695,0.0498533724340175,0.001466275659824,0.0718475073313783,0.156891495601173,1,거포형
Vladimir Guerrero Jr.,TOR,680.0,0.292,0.381,0.467,0.848,23.0,6.0,0.175,0.0338235294117647,0.05,0.0088235294117647,0.1191176470588235,0.138235294117647,1,거포형
Aaron Judge,NYY,679.0,0.331,0.457,0.688,1.144,53.0,12.0,0.3569999999999999,0.0780559646539028,0.0471281296023564,0.0176730486008836,0.182621502209131,0.235640648011782,1,거포형
Manny Machado,SDP,678.0,0.275,0.335,0.46,0.795,27.0,14.0,0.185,0.0398230088495575,0.0486725663716814,0.0206489675516224,0.0811209439528023,0.1932153392330383,1,거포형
Luis Arraez,SDP,675.0,0.292,0.327,0.392,0.719,8.0,11.0,0.1,0.0118518518518518,0.0503703703703703,0.0162962962962962,0.0503703703703703,0.0311111111111111,2,교타·스피드형
Jos? Ram?rez,CLE,673.0,0.283,0.36,0.503,0.863,30.0,44.0,0.22,0.0445765230312035,0.0549777117384844,0.0653789004457652,0.0980683506686478,0.1099554234769688,2,교타·스피드형
Ozzie Albies,ATL,667.0,0.24,0.306,0.365,0.671,16.0,14.0,0.125,0.0239880059970015,0.0374812593703148,0.0209895052473763,0.0824587706146926,0.1409295352323838,0,저타율·저장타형
Maikel Garcia,KCR,666.0,0.286,0.351,0.449,0.8,16.0,23.0,0.163,0.024024024024024,0.066066066066066,0.0345345345345345,0.093093093093093,0.1261261261261261,2,교타·스피드형
Mookie Betts,LAD,663.0,0.258,0.326,0.406,0.732,20.0,8.0,0.148,0.0301659125188536,0.0377073906485671,0.0120663650075414,0.0920060331825037,0.1025641025641025,2,교타·스피드형
Ian Happ,CHC,663.0,0.243,0.342,0.42,0.762,23.0,6.0,0.177,0.0346907993966817,0.0482654600301659,0.0090497737556561,0.1312217194570135,0.2277526395173454,1,거포형
Taylor Ward,LAA,663.0,0.228,0.317,0.475,0.792,36.0,4.0,0.2469999999999999,0.0542986425339366,0.0497737556561085,0.0060331825037707,0.1131221719457013,0.2639517345399698,1,거포형
Brice Turang,MIL,659.0,0.288,0.359,0.435,0.794,18.0,24.0,0.147,0.0273141122913505,0.0455235204855842,0.0364188163884673,0.1001517450682852,0.2276176024279211,2,교타·스피드형
William Contreras,MIL,659.0,0.26,0.355,0.399,0.754,17.0,6.0,0.139,0.0257966616084977,0.0424886191198786,0.0091047040971168,0.1274658573596358,0.1820940819423368,1,거포형
Eugenio Su?rez,2TM,657.0,0.228,0.298,0.526,0.824,49.0,4.0,0.298,0.0745814307458143,0.0426179604261796,0.0060882800608828,0.0700152207001522,0.2983257229832572,3,저타율 장타형
Cody Bellinger,NYY,656.0,0.272,0.334,0.48,0.813,29.0,13.0,0.2079999999999999,0.0442073170731707,0.0457317073170731,0.0198170731707317,0.086890243902439,0.1371951219512195,1,거포형
Riley Greene,DET,655.0,0.258,0.313,0.493,0.806,36.0,2.0,0.235,0.0549618320610687,0.048854961832061,0.0030534351145038,0.0702290076335877,0.3068702290076336,3,저타율 장타형
Trevor Story,BOS,654.0,0.263,0.308,0.433,0.741,25.0,31.0,0.1699999999999999,0.0382262996941896,0.0443425076452599,0.0474006116207951,0.0504587155963302,0.2691131498470948,3,저타율 장타형
J.P. Crawford,SEA,654.0,0.265,0.352,0.37,0.722,12.0,8.0,0.1049999999999999,0.018348623853211,0.036697247706422,0.0122324159021406,0.1131498470948012,0.1865443425076452,2,교타·스피드형
Bryan Reynolds,PIT,654.0,0.245,0.318,0.402,0.72,16.0,3.0,0.157,0.0244648318042813,0.0626911314984709,0.0045871559633027,0.0871559633027523,0.264525993883792,3,저타율 장타형
Jose Altuve,HOU,654.0,0.265,0.329,0.442,0.771,26.0,10.0,0.177,0.0397553516819571,0.0382262996941896,0.0152905198776758,0.0840978593272171,0.1666666666666666,1,거포형
Junior Caminero,TBR,653.0,0.264,0.311,0.535,0.846,45.0,7.0,0.271,0.0689127105666156,0.0428790199081163,0.010719754977029,0.0627871362940275,0.1914241960183767,1,거포형
Brandon Nimmo,NYM,652.0,0.262,0.324,0.436,0.76,25.0,13.0,0.174,0.0383435582822085,0.0414110429447852,0.0199386503067484,0.0766871165644171,0.2162576687116564,3,저타율 장타형
Gunnar Henderson,BAL,651.0,0.274,0.349,0.438,0.787,17.0,30.0,0.1639999999999999,0.0261136712749615,0.0599078341013824,0.0460829493087557,0.0952380952380952,0.2104454685099846,2,교타·스피드형
Yandy D?az,TBR,651.0,0.3,0.366,0.482,0.848,25.0,3.0,0.182,0.0384024577572964,0.0460829493087557,0.0046082949308755,0.0875576036866359,0.141321044546851,1,거포형
Seiya Suzuki,CHC,651.0,0.245,0.326,0.478,0.804,32.0,5.0,0.2329999999999999,0.0491551459293394,0.0522273425499231,0.0076804915514592,0.1090629800307219,0.2519201228878648,1,거포형
Nico Hoerner,CHC,649.0,0.297,0.345,0.394,0.739,7.0,29.0,0.097,0.0107858243451463,0.0508474576271186,0.0446841294298921,0.0600924499229583,0.0755007704160246,2,교타·스피드형
Spencer Torkelson,DET,649.0,0.24,0.333,0.456,0.789,31.0,2.0,0.216,0.0477657935285053,0.0431432973805855,0.0030816640986132,0.110939907550077,0.2604006163328197,1,거포형
Jackson Holliday,BAL,649.0,0.242,0.314,0.375,0.69,17.0,17.0,0.133,0.0261941448382126,0.036979969183359,0.0261941448382126,0.086286594761171,0.2157164869029275,0,저타율·저장타형
Pete Crow-Armstrong,CHC,647.0,0.247,0.287,0.481,0.768,31.0,35.0,0.2339999999999999,0.0479134466769706,0.0633693972179289,0.0540958268933539,0.0448222565687789,0.2395672333848531,3,저타율 장타형
Dansby Swanson,CHC,645.0,0.244,0.3,0.417,0.717,24.0,20.0,0.173,0.0372093023255813,0.041860465116279,0.0310077519379844,0.0728682170542635,0.2604651162790697,3,저타율 장타형
Christian Yelich,MIL,644.0,0.264,0.343,0.452,0.795,29.0,16.0,0.188,0.0450310559006211,0.0326086956521739,0.0248447204968944,0.0993788819875776,0.2593167701863354,1,거포형
Corbin Carroll,ARI,642.0,0.259,0.343,0.541,0.883,31.0,32.0,0.282,0.0482866043613707,0.0763239875389408,0.0498442367601246,0.1043613707165109,0.2383177570093458,1,거포형
Michael Harris II,ATL,641.0,0.249,0.268,0.409,0.678,20.0,20.0,0.1599999999999999,0.0312012480499219,0.0499219968798752,0.0312012480499219,0.0249609984399376,0.1996879875195008,3,저타율 장타형
Salvador Perez,KCR,641.0,0.236,0.284,0.446,0.729,30.0,0.0,0.21,0.046801872074883,0.0546021840873634,0.0,0.0436817472698908,0.1950078003120124,3,저타율 장타형
Christian Walker,HOU,640.0,0.238,0.297,0.421,0.717,27.0,2.0,0.183,0.0421875,0.0390625,0.003125,0.0625,0.2765625,3,저타율 장타형
Trea Turner,PHI,639.0,0.304,0.355,0.457,0.812,15.0,36.0,0.153,0.0234741784037558,0.0594679186228482,0.056338028169014,0.0672926447574334,0.1674491392801252,2,교타·스피드형
CJ Abrams,WSN,635.0,0.257,0.315,0.433,0.748,19.0,31.0,0.176,0.0299212598425196,0.0629921259842519,0.0488188976377952,0.058267716535433,0.1968503937007874,2,교타·스피드형
Lawrence Butler,ATH,630.0,0.234,0.306,0.404,0.71,21.0,22.0,0.17,0.0333333333333333,0.0507936507936507,0.0349206349206349,0.0936507936507936,0.2841269841269841,3,저타율 장타형
Bo Bichette,TOR,628.0,0.311,0.357,0.483,0.84,18.0,4.0,0.172,0.0286624203821656,0.071656050955414,0.0063694267515923,0.0636942675159235,0.1449044585987261,2,교타·스피드형
Gleyber Torres,DET,628.0,0.256,0.358,0.387,0.745,16.0,4.0,0.131,0.0254777070063694,0.0350318471337579,0.0063694267515923,0.1353503184713375,0.160828025477707,1,거포형
Freddie Freeman,LAD,627.0,0.295,0.367,0.502,0.869,24.0,6.0,0.207,0.0382775119617224,0.0653907496012759,0.0095693779904306,0.0956937799043062,0.2041467304625199,1,거포형
Tyler Soderstrom,ATH,624.0,0.276,0.346,0.474,0.82,25.0,8.0,0.1979999999999999,0.0400641025641025,0.0560897435897435,0.0128205128205128,0.0881410256410256,0.2259615384615384,1,거포형
Andy Pages,LAD,624.0,0.272,0.313,0.461,0.774,27.0,14.0,0.189,0.0432692307692307,0.0448717948717948,0.0224358974358974,0.0464743589743589,0.2163461538461538,3,저타율 장타형
Xavier Edwards,MIA,619.0,0.283,0.343,0.353,0.695,3.0,27.0,0.07,0.0048465266558966,0.0403877221324717,0.0436187399030694,0.0791599353796446,0.1421647819063005,2,교타·스피드형
Jung Hoo Lee,SFG,617.0,0.266,0.327,0.407,0.735,8.0,10.0,0.1409999999999999,0.012965964343598,0.0696920583468395,0.0162074554294975,0.0761750405186385,0.1150729335494327,2,교타·스피드형
Nathaniel Lowe,2TM,609.0,0.228,0.307,0.381,0.689,18.0,1.0,0.153,0.0295566502463054,0.0426929392446633,0.0016420361247947,0.1018062397372742,0.2610837438423645,3,저타율 장타형
Josh Naylor,2TM,604.0,0.295,0.353,0.462,0.816,20.0,30.0,0.167,0.0331125827814569,0.0496688741721854,0.0496688741721854,0.0794701986754966,0.1374172185430463,2,교타·스피드형
Kyle Tucker,CHC,597.0,0.266,0.377,0.464,0.841,22.0,25.0,0.198,0.0368509212730318,0.0485762144053601,0.0418760469011725,0.1457286432160804,0.1474036850921273,1,거포형
Anthony Volpe,NYY,596.0,0.212,0.272,0.391,0.663,19.0,18.0,0.179,0.0318791946308724,0.0604026845637583,0.0302013422818791,0.0721476510067114,0.2516778523489933,3,저타율 장타형
Otto Lopez,MIA,594.0,0.246,0.305,0.368,0.672,15.0,15.0,0.122,0.0252525252525252,0.0353535353535353,0.0252525252525252,0.074074074074074,0.138047138047138,0,저타율·저장타형
Sal Frelick,MIL,594.0,0.288,0.351,0.405,0.756,12.0,19.0,0.117,0.0202020202020202,0.0387205387205387,0.0319865319865319,0.0791245791245791,0.1346801346801346,2,교타·스피드형
Michael Busch,CHC,592.0,0.261,0.343,0.523,0.866,34.0,4.0,0.262,0.0574324324324324,0.0506756756756756,0.0067567567567567,0.0945945945945946,0.2347972972972972,1,거포형
Marcell Ozuna,ATL,592.0,0.232,0.355,0.4,0.756,21.0,0.0,0.168,0.0354729729729729,0.0320945945945945,0.0,0.1587837837837837,0.2432432432432432,1,거포형
Jackson Chourio,MIL,589.0,0.27,0.308,0.463,0.77,21.0,21.0,0.193,0.0356536502546689,0.066213921901528,0.0356536502546689,0.0509337860780984,0.2054329371816638,2,교타·스피드형
Nick Castellanos,PHI,589.0,0.25,0.294,0.4,0.694,17.0,4.0,0.15,0.0288624787775891,0.0492359932088285,0.0067911714770797,0.0543293718166383,0.2258064516129032,3,저타율 장타형
Ernie Clement,TOR,588.0,0.277,0.313,0.398,0.711,9.0,6.0,0.121,0.0153061224489795,0.0629251700680272,0.010204081632653,0.0459183673469387,0.1037414965986394,2,교타·스피드형
Jordan Beck,COL,588.0,0.258,0.317,0.416,0.732,16.0,19.0,0.1579999999999999,0.0272108843537414,0.0544217687074829,0.032312925170068,0.0731292517006802,0.2959183673469387,3,저타율 장타형
Ceddanne Rafaela,BOS,587.0,0.249,0.295,0.414,0.708,16.0,20.0,0.1649999999999999,0.0272572402044293,0.0647359454855195,0.0340715502555366,0.0477001703577512,0.1993185689948892,2,교타·스피드형
George Springer,TOR,586.0,0.309,0.399,0.56,0.959,32.0,18.0,0.251,0.0546075085324232,0.0477815699658703,0.030716723549488,0.1177474402730375,0.189419795221843,1,거포형
Ryan McMahon,2TM,586.0,0.214,0.312,0.381,0.693,20.0,3.0,0.167,0.0341296928327645,0.0409556313993174,0.0051194539249146,0.1194539249146757,0.3225255972696246,3,저타율 장타형
Agust?n Ram?rez,MIA,585.0,0.231,0.287,0.413,0.701,21.0,16.0,0.1819999999999999,0.0358974358974358,0.0581196581196581,0.0273504273504273,0.0615384615384615,0.1931623931623931,3,저타율 장타형
Carlos Correa,2TM,584.0,0.276,0.332,0.402,0.734,13.0,0.0,0.126,0.0222602739726027,0.0496575342465753,0.0,0.0770547945205479,0.1934931506849315,2,교타·스피드형
Lars Nootbaar,STL,583.0,0.234,0.325,0.361,0.686,13.0,4.0,0.1269999999999999,0.0222984562607204,0.0428816466552315,0.006861063464837,0.1097770154373928,0.2041166380789022,0,저타율·저장타형
Trent Grisham,NYY,581.0,0.235,0.348,0.464,0.811,34.0,3.0,0.229,0.0585197934595524,0.0172117039586919,0.0051635111876075,0.1411359724612736,0.2358003442340791,1,거포형
Bryce Harper,PHI,580.0,0.261,0.357,0.487,0.844,27.0,12.0,0.2259999999999999,0.046551724137931,0.0551724137931034,0.0206896551724137,0.1206896551724138,0.2086206896551724,1,거포형
Hunter Goodman,COL,579.0,0.278,0.323,0.52,0.843,31.0,1.0,0.242,0.0535405872193437,0.0569948186528497,0.001727115716753,0.0569948186528497,0.2625215889464594,3,저타율 장타형
Matt McLain,CIN,577.0,0.22,0.3,0.343,0.643,15.0,18.0,0.123,0.0259965337954939,0.0311958405545927,0.0311958405545927,0.095320623916811,0.2894280762564991,0,저타율·저장타형
Wyatt Langford,TEX,573.0,0.241,0.344,0.431,0.775,22.0,22.0,0.19,0.0383944153577661,0.0453752181500872,0.0383944153577661,0.1291448516579406,0.2635253054101221,1,거포형
Jo Adell,LAA,573.0,0.236,0.293,0.485,0.778,37.0,5.0,0.249,0.0645724258289703,0.0331588132635253,0.0087260034904013,0.0575916230366492,0.2635253054101221,3,저타율 장타형
Ke'Bryan Hayes,2TM,570.0,0.235,0.29,0.306,0.595,5.0,12.0,0.071,0.0087719298245614,0.0333333333333333,0.0210526315789473,0.0631578947368421,0.1947368421052631,0,저타율·저장타형
Miguel Vargas,CHW,569.0,0.234,0.316,0.401,0.717,16.0,6.0,0.167,0.0281195079086115,0.0597539543057996,0.0105448154657293,0.0984182776801406,0.1757469244288225,2,교타·스피드형
Spencer Steer,CIN,568.0,0.238,0.312,0.411,0.723,21.0,7.0,0.173,0.0369718309859154,0.0404929577464788,0.0123239436619718,0.0897887323943662,0.227112676056338,3,저타율 장타형
Yainer Diaz,HOU,567.0,0.256,0.284,0.417,0.701,20.0,1.0,0.1609999999999999,0.0352733686067019,0.0458553791887125,0.001763668430335,0.0352733686067019,0.1675485008818342,3,저타율 장타형
Jonathan India,KCR,567.0,0.233,0.323,0.346,0.669,9.0,0.0,0.1129999999999999,0.0158730158730158,0.0511463844797178,0.0,0.0952380952380952,0.1869488536155202,0,저타율·저장타형
Trevor Larnach,MIN,567.0,0.25,0.323,0.404,0.727,17.0,4.0,0.154,0.0299823633156966,0.0440917107583774,0.0070546737213403,0.0934744268077601,0.2151675485008818,3,저타율 장타형
Nolan Schanuel,LAA,564.0,0.264,0.353,0.389,0.742,12.0,5.0,0.125,0.0212765957446808,0.0425531914893617,0.0088652482269503,0.1046099290780141,0.125886524822695,2,교타·스피드형
Josh Smith,TEX,563.0,0.251,0.335,0.366,0.7,10.0,12.0,0.1149999999999999,0.0177619893428063,0.0444049733570159,0.0213143872113676,0.0976909413854351,0.1776198934280639,2,교타·스피드형
Willson Contreras,STL,563.0,0.257,0.344,0.447,0.791,20.0,5.0,0.19,0.0355239786856127,0.0568383658969804,0.0088809946714031,0.0781527531083481,0.2522202486678508,1,거포형
Bryson Stott,PHI,560.0,0.257,0.328,0.391,0.719,13.0,24.0,0.134,0.0232142857142857,0.0446428571428571,0.0428571428571428,0.0964285714285714,0.1625,2,교타·스피드형
Mike Yastrzemski,2TM,558.0,0.233,0.333,0.403,0.735,17.0,7.0,0.17,0.0304659498207885,0.0519713261648745,0.0125448028673835,0.1290322580645161,0.1935483870967742,1,거포형
Ketel Marte,ARI,556.0,0.283,0.376,0.517,0.893,28.0,4.0,0.234,0.0503597122302158,0.0503597122302158,0.0071942446043165,0.1151079136690647,0.1492805755395683,1,거포형
Mike Trout,LAA,556.0,0.232,0.359,0.439,0.797,26.0,2.0,0.207,0.0467625899280575,0.026978417266187,0.0035971223021582,0.1564748201438849,0.3201438848920863,1,거포형
Zach Neto,LAA,554.0,0.257,0.319,0.474,0.793,26.0,26.0,0.2169999999999999,0.0469314079422382,0.0541516245487364,0.0469314079422382,0.0595667870036101,0.2689530685920577,3,저타율 장타형
Brandon Lowe,TBR,553.0,0.256,0.307,0.477,0.785,31.0,3.0,0.2209999999999999,0.0560578661844484,0.0343580470162748,0.0054249547920434,0.0687160940325497,0.2694394213381555,3,저타율 장타형
Xander Bogaerts,SDP,552.0,0.263,0.328,0.391,0.72,11.0,20.0,0.128,0.019927536231884,0.0543478260869565,0.036231884057971,0.0869565217391304,0.1702898550724637,2,교타·스피드형
Andrew McCutchen,PIT,551.0,0.239,0.333,0.367,0.7,13.0,1.0,0.128,0.0235934664246823,0.0399274047186932,0.0018148820326678,0.1215970961887477,0.2141560798548094,0,저타율·저장타형
J.T. Realmuto,PHI,550.0,0.257,0.315,0.384,0.7,12.0,8.0,0.127,0.0218181818181818,0.049090909090909,0.0145454545454545,0.0636363636363636,0.2345454545454545,2,교타·스피드형
Adolis Garc?a,TEX,547.0,0.227,0.271,0.394,0.665,19.0,13.0,0.167,0.0347349177330895,0.0511882998171846,0.0237659963436928,0.0511882998171846,0.2468007312614259,3,저타율 장타형
Alec Burleson,STL,546.0,0.29,0.343,0.459,0.801,18.0,5.0,0.169,0.0329670329670329,0.0512820512820512,0.0091575091575091,0.0714285714285714,0.1446886446886447,2,교타·스피드형
Teoscar Hern?ndez,LAD,546.0,0.247,0.284,0.454,0.738,25.0,5.0,0.207,0.0457875457875457,0.0549450549450549,0.0091575091575091,0.0476190476190476,0.2454212454212454,3,저타율 장타형
Lourdes Gurriel Jr.,ARI,546.0,0.248,0.295,0.418,0.713,19.0,10.0,0.1699999999999999,0.0347985347985348,0.0476190476190476,0.0183150183150183,0.0567765567765567,0.1391941391941392,2,교타·스피드형
Gavin Sheets,SDP,545.0,0.252,0.317,0.429,0.746,19.0,2.0,0.177,0.0348623853211009,0.0532110091743119,0.0036697247706422,0.0807339449541284,0.1963302752293578,3,저타율 장타형
Ryan O'Hearn,2TM,544.0,0.281,0.366,0.437,0.803,17.0,3.0,0.1559999999999999,0.03125,0.0404411764705882,0.0055147058823529,0.1066176470588235,0.2003676470588235,1,거포형
Lenyn Sosa,CHW,544.0,0.264,0.293,0.434,0.727,22.0,2.0,0.1699999999999999,0.0404411764705882,0.0386029411764705,0.0036764705882352,0.0330882352941176,0.2334558823529411,3,저타율 장타형
Oneil Cruz,PIT,544.0,0.2,0.298,0.378,0.676,20.0,38.0,0.178,0.0367647058823529,0.0386029411764705,0.0698529411764705,0.1176470588235294,0.3198529411764705,3,저타율 장타형
Jeremy Pe?a,HOU,543.0,0.304,0.363,0.477,0.84,17.0,20.0,0.173,0.0313075506445672,0.0589318600368324,0.0368324125230202,0.0644567219152854,0.1712707182320442,2,교타·스피드형
Byron Buxton,MIN,542.0,0.264,0.327,0.551,0.878,35.0,24.0,0.287,0.0645756457564575,0.051660516605166,0.044280442804428,0.0756457564575645,0.2730627306273063,1,거포형
Luis Rengifo,LAA,541.0,0.238,0.287,0.335,0.622,9.0,10.0,0.097,0.0166358595194085,0.0351201478743068,0.0184842883548983,0.0609981515711645,0.1922365988909427,0,저타율·저장타형
Brenton Doyle,COL,538.0,0.233,0.274,0.376,0.651,15.0,18.0,0.143,0.0278810408921933,0.0464684014869888,0.0334572490706319,0.0557620817843866,0.2565055762081784,3,저타율 장타형
Masyn Winn,STL,537.0,0.253,0.31,0.363,0.673,9.0,9.0,0.1099999999999999,0.0167597765363128,0.0502793296089385,0.0167597765363128,0.0633147113594041,0.1899441340782122,2,교타·스피드형
Matt Chapman,SFG,535.0,0.231,0.34,0.43,0.77,21.0,9.0,0.1989999999999999,0.0392523364485981,0.0467289719626168,0.016822429906542,0.1327102803738317,0.2355140186915887,1,거포형
Marcus Semien,TEX,534.0,0.23,0.305,0.364,0.669,15.0,11.0,0.1339999999999999,0.0280898876404494,0.0318352059925093,0.0205992509363295,0.0936329588014981,0.1741573033707865,0,저타율·저장타형
Paul Goldschmidt,NYY,534.0,0.274,0.328,0.403,0.731,10.0,5.0,0.129,0.0187265917602996,0.0599250936329588,0.0093632958801498,0.0674157303370786,0.1872659176029962,2,교타·스피드형
Josh Bell,WSN,533.0,0.237,0.325,0.417,0.741,22.0,0.0,0.18,0.0412757973733583,0.0318949343339587,0.0,0.1069418386491557,0.1651031894934334,1,거포형
Jazz Chisholm Jr.,NYY,531.0,0.242,0.332,0.481,0.813,31.0,31.0,0.239,0.0583804143126177,0.0301318267419962,0.0583804143126177,0.1092278719397363,0.2787193973634652,1,거포형
Kyle Manzardo,CLE,531.0,0.234,0.313,0.455,0.768,27.0,2.0,0.221,0.0508474576271186,0.03954802259887,0.0037664783427495,0.0903954802259887,0.2542372881355932,3,저타율 장타형
Ben Rice,NYY,530.0,0.255,0.337,0.499,0.836,26.0,3.0,0.244,0.0490566037735849,0.060377358490566,0.0056603773584905,0.0943396226415094,0.1886792452830188,1,거포형
Brooks Lee,MIN,527.0,0.236,0.285,0.37,0.654,16.0,3.0,0.134,0.0303605313092979,0.0303605313092979,0.0056925996204933,0.0588235294117647,0.174573055028463,0,저타율·저장타형
Luis Garc?a Jr.,WSN,526.0,0.252,0.289,0.412,0.701,16.0,14.0,0.1599999999999999,0.0304182509505703,0.0551330798479087,0.026615969581749,0.0513307984790874,0.1596958174904943,2,교타·스피드형
Jorge Polanco,SEA,524.0,0.265,0.326,0.495,0.821,26.0,6.0,0.2299999999999999,0.049618320610687,0.0572519083969465,0.0114503816793893,0.0801526717557251,0.1564885496183206,1,거포형
Shea Langeliers,ATH,523.0,0.277,0.325,0.536,0.861,31.0,7.0,0.259,0.0592734225621414,0.0611854684512428,0.0133843212237093,0.0688336520076481,0.1969407265774378,1,거포형
Jacob Wilson,ATH,523.0,0.311,0.355,0.444,0.8,13.0,5.0,0.133,0.0248565965583174,0.0497131931166348,0.0095602294455066,0.0516252390057361,0.0745697896749522,2,교타·스피드형
Brendan Donovan,STL,515.0,0.287,0.353,0.422,0.775,10.0,3.0,0.135,0.0194174757281553,0.062135922330097,0.0058252427184466,0.0815533980582524,0.1300970873786407,2,교타·스피드형
Jake Cronenworth,SDP,515.0,0.246,0.367,0.377,0.744,11.0,3.0,0.131,0.0213592233009708,0.0407766990291262,0.0058252427184466,0.1339805825242718,0.2077669902912621,1,거포형
Eric Wagaman,MIA,514.0,0.25,0.296,0.378,0.674,9.0,4.0,0.128,0.0175097276264591,0.0603112840466926,0.0077821011673151,0.0622568093385214,0.1945525291828793,2,교타·스피드형
Zach McKinstry,DET,511.0,0.259,0.333,0.438,0.771,12.0,19.0,0.179,0.0234833659491193,0.0665362035225048,0.0371819960861056,0.0900195694716242,0.2172211350293542,2,교타·스피드형
Josh Jung,TEX,511.0,0.251,0.294,0.39,0.684,14.0,4.0,0.139,0.0273972602739726,0.0469667318982387,0.0078277886497064,0.0528375733855185,0.2524461839530332,3,저타율 장타형
Caleb Durbin,MIL,506.0,0.256,0.334,0.387,0.721,11.0,18.0,0.131,0.0217391304347826,0.0494071146245059,0.0355731225296442,0.0592885375494071,0.0988142292490118,2,교타·스피드형
Alejandro Kirk,TOR,506.0,0.282,0.348,0.421,0.769,15.0,1.0,0.139,0.0296442687747035,0.0355731225296442,0.0019762845849802,0.0948616600790513,0.116600790513834,2,교타·스피드형
Joey Ortiz,MIL,506.0,0.23,0.276,0.317,0.593,7.0,14.0,0.087,0.0138339920948616,0.0375494071146245,0.0276679841897233,0.0533596837944664,0.1462450592885375,0,저타율·저장타형
Chase Meidroth,CHW,505.0,0.253,0.329,0.32,0.649,5.0,14.0,0.067,0.0099009900990099,0.0297029702970297,0.0277227722772277,0.0891089108910891,0.1425742574257425,0,저타율·저장타형
Alec Bohm,PHI,504.0,0.287,0.331,0.409,0.741,11.0,2.0,0.122,0.0218253968253968,0.0416666666666666,0.0039682539682539,0.0575396825396825,0.1626984126984127,2,교타·스피드형
Gavin Lux,CIN,503.0,0.269,0.35,0.374,0.724,5.0,1.0,0.1049999999999999,0.0099403578528827,0.0596421471172962,0.0019880715705765,0.1113320079522862,0.2266401590457256,2,교타·스피드형
Addison Barger,TOR,502.0,0.243,0.301,0.454,0.756,21.0,4.0,0.211,0.0418326693227091,0.0657370517928286,0.0079681274900398,0.0717131474103585,0.2410358565737052,3,저타율 장타형
Harrison Bader,2TM,501.0,0.277,0.347,0.449,0.796,17.0,11.0,0.172,0.0339321357285429,0.0499001996007984,0.0219560878243512,0.0778443113772455,0.2714570858283433,1,거포형
Cedric Mullins,2TM,498.0,0.216,0.299,0.391,0.69,17.0,22.0,0.175,0.0341365461847389,0.0481927710843373,0.0441767068273092,0.1004016064257028,0.2409638554216867,3,저타율 장타형
Jes?s S?nchez,2TM,497.0,0.237,0.304,0.395,0.699,14.0,13.0,0.158,0.028169014084507,0.0503018108651911,0.0261569416498993,0.0845070422535211,0.221327967806841,3,저타율 장타형
Alex Bregman,BOS,495.0,0.273,0.36,0.462,0.821,18.0,1.0,0.189,0.0363636363636363,0.0565656565656565,0.002020202020202,0.103030303030303,0.1414141414141414,1,거포형
Cam Smith,HOU,493.0,0.236,0.312,0.358,0.671,9.0,8.0,0.122,0.0182555780933062,0.0486815415821501,0.0162271805273833,0.0872210953346856,0.2778904665314402,0,저타율·저장타형
Ty France,2TM,490.0,0.257,0.32,0.36,0.681,7.0,1.0,0.1029999999999999,0.0142857142857142,0.0510204081632653,0.0020408163265306,0.0448979591836734,0.1693877551020408,2,교타·스피드형
Nick Kurtz,ATH,489.0,0.29,0.383,0.619,1.002,36.0,2.0,0.329,0.0736196319018405,0.0572597137014314,0.0040899795501022,0.1288343558282208,0.3087934560327198,1,거포형
Ram?n Laureano,2TM,488.0,0.281,0.342,0.512,0.855,24.0,7.0,0.2309999999999999,0.0491803278688524,0.0573770491803278,0.0143442622950819,0.0717213114754098,0.2438524590163934,1,거포형
Michael Conforto,LAD,486.0,0.199,0.305,0.333,0.637,12.0,1.0,0.134,0.0246913580246913,0.0411522633744856,0.0020576131687242,0.1152263374485596,0.2489711934156378,0,저타율·저장타형
Angel Mart?nez,CLE,484.0,0.224,0.269,0.359,0.628,11.0,8.0,0.1349999999999999,0.0227272727272727,0.0516528925619834,0.0165289256198347,0.0475206611570247,0.2272727272727272,0,저타율·저장타형
Jackson Merrill,SDP,483.0,0.264,0.317,0.457,0.774,16.0,1.0,0.193,0.0331262939958592,0.0641821946169772,0.0020703933747412,0.0683229813664596,0.2236024844720497,3,저타율 장타형
Carlos Santana,2TM,474.0,0.219,0.308,0.325,0.633,11.0,7.0,0.106,0.0232067510548523,0.0232067510548523,0.0147679324894514,0.1097046413502109,0.1919831223628691,0,저타율·저장타형
Max Kepler,PHI,474.0,0.216,0.3,0.391,0.691,18.0,3.0,0.175,0.0379746835443038,0.040084388185654,0.0063291139240506,0.1012658227848101,0.1962025316455696,3,저타율 장타형
Gabriel Arias,CLE,471.0,0.22,0.274,0.363,0.638,11.0,8.0,0.143,0.0233545647558386,0.0573248407643312,0.0169851380042462,0.0573248407643312,0.3439490445859872,3,저타율 장타형
Andrew Benintendi,CHW,470.0,0.24,0.307,0.431,0.738,20.0,1.0,0.191,0.0425531914893617,0.0382978723404255,0.002127659574468,0.0851063829787234,0.1744680851063829,3,저타율 장타형
Dillon Dingler,DET,469.0,0.278,0.327,0.425,0.752,13.0,0.0,0.1469999999999999,0.0277185501066098,0.0490405117270788,0.0,0.0490405117270788,0.2345415778251599,2,교타·스피드형
Alek Thomas,ARI,469.0,0.249,0.289,0.37,0.659,9.0,7.0,0.121,0.0191897654584221,0.0469083155650319,0.0149253731343283,0.044776119402985,0.2601279317697228,0,저타율·저장타형
Colt Keith,DET,468.0,0.256,0.333,0.413,0.746,13.0,1.0,0.1569999999999999,0.0277777777777777,0.0512820512820512,0.0021367521367521,0.1025641025641025,0.2179487179487179,1,거포형
Kerry Carpenter,DET,464.0,0.252,0.291,0.497,0.788,26.0,1.0,0.245,0.0560344827586206,0.0495689655172413,0.0021551724137931,0.0387931034482758,0.2284482758620689,3,저타율 장타형
Ryan Jeffers,MIN,464.0,0.266,0.356,0.397,0.752,9.0,1.0,0.131,0.0193965517241379,0.0560344827586206,0.0021551724137931,0.1077586206896551,0.1961206896551724,2,교타·스피드형
Victor Scott II,STL,463.0,0.216,0.305,0.296,0.601,5.0,34.0,0.0799999999999999,0.0107991360691144,0.0345572354211663,0.0734341252699784,0.0907127429805615,0.2397408207343412,0,저타율·저장타형
Wilmer Flores,SFG,463.0,0.241,0.307,0.379,0.686,16.0,1.0,0.138,0.0345572354211663,0.0215982721382289,0.0021598272138228,0.0734341252699784,0.1900647948164147,0,저타율·저장타형
Mark Vientos,NYM,463.0,0.233,0.289,0.413,0.702,17.0,1.0,0.1799999999999999,0.0367170626349892,0.0496760259179265,0.0021598272138228,0.0647948164146868,0.2483801295896328,3,저타율 장타형
Jeff McNeil,NYM,462.0,0.243,0.335,0.411,0.746,12.0,3.0,0.1679999999999999,0.0259740259740259,0.0562770562770562,0.0064935064935064,0.106060606060606,0.119047619047619,2,교타·스피드형
Mickey Moniak,COL,461.0,0.27,0.306,0.518,0.824,24.0,9.0,0.248,0.0520607375271149,0.0607375271149674,0.0195227765726681,0.0477223427331887,0.2386117136659436,3,저타율 장타형
Isiah Kiner-Falefa,2TM,459.0,0.262,0.297,0.334,0.631,2.0,15.0,0.072,0.0043572984749455,0.0501089324618736,0.0326797385620915,0.037037037037037,0.167755991285403,2,교타·스피드형
Adam Frazier,2TM,459.0,0.267,0.319,0.365,0.684,7.0,8.0,0.0979999999999999,0.0152505446623093,0.0435729847494553,0.0174291938997821,0.0566448801742919,0.1764705882352941,2,교타·스피드형
Kyle Stowers,MIA,457.0,0.288,0.368,0.544,0.912,25.0,5.0,0.256,0.0547045951859956,0.0525164113785558,0.0109409190371991,0.1050328227571116,0.2735229759299781,1,거포형
Willi Castro,2TM,454.0,0.226,0.313,0.366,0.679,11.0,10.0,0.1399999999999999,0.0242290748898678,0.0440528634361233,0.0220264317180616,0.0881057268722467,0.2444933920704846,0,저타율·저장타형
Iv?n Herrera,STL,452.0,0.284,0.373,0.464,0.837,19.0,8.0,0.18,0.0420353982300885,0.0287610619469026,0.0176991150442477,0.0951327433628318,0.1858407079646017,1,거포형
Patrick Bailey,SFG,452.0,0.222,0.277,0.325,0.602,6.0,1.0,0.103,0.0132743362831858,0.0464601769911504,0.0022123893805309,0.0663716814159292,0.2942477876106195,0,저타율·저장타형
Logan O'Hoppe,LAA,451.0,0.213,0.258,0.371,0.629,19.0,2.0,0.158,0.0421286031042128,0.0199556541019955,0.0044345898004434,0.0532150776053215,0.3082039911308204,3,저타율 장타형
Tommy Pham,PIT,449.0,0.245,0.33,0.37,0.7,10.0,5.0,0.125,0.0222717149220489,0.0400890868596882,0.0111358574610244,0.111358574610245,0.2093541202672605,0,저타율·저장타형
Austin Wells,NYY,448.0,0.219,0.275,0.436,0.712,21.0,5.0,0.217,0.046875,0.0513392857142857,0.0111607142857142,0.0669642857142857,0.2633928571428571,3,저타율 장타형
Austin Riley,ATL,447.0,0.26,0.309,0.428,0.737,16.0,2.0,0.1679999999999999,0.0357941834451901,0.046979865771812,0.0044742729306487,0.0604026845637583,0.2863534675615212,3,저타율 장타형
Andrew Vaughn,2TM,447.0,0.254,0.307,0.411,0.719,14.0,0.0,0.1569999999999999,0.0313199105145413,0.0492170022371364,0.0,0.0693512304250559,0.1789709172259508,3,저타율 장타형
Drake Baldwin,ATL,446.0,0.274,0.341,0.469,0.81,19.0,0.0,0.1949999999999999,0.0426008968609865,0.0448430493273542,0.0,0.085201793721973,0.1524663677130044,1,거포형
Carlos Narv?ez,BOS,446.0,0.241,0.306,0.419,0.726,15.0,1.0,0.178,0.0336322869955156,0.0605381165919282,0.0022421524663677,0.085201793721973,0.2488789237668161,3,저타율 장타형
Corey Seager,TEX,445.0,0.271,0.373,0.487,0.86,21.0,3.0,0.2159999999999999,0.047191011235955,0.0426966292134831,0.0067415730337078,0.1303370786516854,0.195505617977528,1,거포형
Isaac Collins,MIL,441.0,0.263,0.368,0.411,0.779,9.0,16.0,0.1479999999999999,0.0204081632653061,0.0566893424036281,0.0362811791383219,0.1292517006802721,0.2108843537414966,2,교타·스피드형
Chandler Simpson,TBR,441.0,0.295,0.326,0.345,0.671,0.0,44.0,0.0499999999999999,0.0,0.0408163265306122,0.0997732426303854,0.0453514739229024,0.0975056689342403,2,교타·스피드형
Isaac Paredes,HOU,438.0,0.254,0.352,0.458,0.809,20.0,0.0,0.204,0.045662100456621,0.0365296803652968,0.0,0.1141552511415525,0.1735159817351598,1,거포형
Nathan Lukes,TOR,438.0,0.255,0.323,0.407,0.73,12.0,2.0,0.1519999999999999,0.0273972602739726,0.047945205479452,0.0045662100456621,0.0867579908675799,0.136986301369863,2,교타·스피드형
Matt Shaw,CHC,437.0,0.226,0.295,0.394,0.69,13.0,17.0,0.168,0.0297482837528604,0.0549199084668192,0.0389016018306636,0.0869565217391304,0.2151029748283753,3,저타율 장타형
Javier B?ez,DET,437.0,0.257,0.282,0.398,0.68,12.0,5.0,0.141,0.0274599542334096,0.045766590389016,0.011441647597254,0.022883295194508,0.2494279176201373,3,저타율 장타형
Will Smith,LAD,436.0,0.296,0.404,0.497,0.901,17.0,2.0,0.201,0.0389908256880734,0.0481651376146789,0.0045871559633027,0.146788990825688,0.2041284403669724,1,거포형
Nolan Arenado,STL,436.0,0.237,0.289,0.377,0.666,12.0,3.0,0.14,0.0275229357798165,0.0435779816513761,0.0068807339449541,0.0642201834862385,0.1123853211009174,0,저타율·저장타형
Josh Lowe,TBR,435.0,0.22,0.283,0.366,0.65,11.0,18.0,0.146,0.025287356321839,0.0528735632183908,0.0413793103448275,0.0758620689655172,0.2505747126436781,3,저타율 장타형
Jonah Heim,TEX,433.0,0.213,0.271,0.332,0.602,11.0,3.0,0.119,0.0254041570438799,0.0323325635103926,0.0069284064665127,0.0739030023094688,0.2032332563510392,0,저타율·저장타형
Brett Baty,NYM,432.0,0.254,0.313,0.435,0.748,18.0,8.0,0.181,0.0416666666666666,0.0347222222222222,0.0185185185185185,0.0763888888888889,0.25,3,저타율 장타형
Luis Robert Jr.,CHW,431.0,0.223,0.297,0.364,0.661,14.0,33.0,0.141,0.0324825986078886,0.0278422273781902,0.0765661252900232,0.0928074245939675,0.259860788863109,0,저타율·저장타형
Jasson Dom?nguez,NYY,429.0,0.257,0.331,0.388,0.719,10.0,23.0,0.131,0.0233100233100233,0.0442890442890442,0.0536130536130536,0.0955710955710955,0.2680652680652681,2,교타·스피드형
Jake Mangum,TBR,428.0,0.296,0.33,0.368,0.698,3.0,27.0,0.072,0.0070093457943925,0.0443925233644859,0.0630841121495327,0.0443925233644859,0.1495327102803738,2,교타·스피드형
Tyler Freeman,COL,428.0,0.281,0.354,0.361,0.715,2.0,18.0,0.0799999999999999,0.0046728971962616,0.0514018691588785,0.0420560747663551,0.0794392523364486,0.1191588785046729,2,교타·스피드형
Brandon Marsh,PHI,425.0,0.28,0.342,0.443,0.785,11.0,7.0,0.1629999999999999,0.0258823529411764,0.0635294117647058,0.0164705882352941,0.0894117647058823,0.2588235294117647,2,교타·스피드형
Jonathan Aranda,TBR,422.0,0.316,0.393,0.489,0.883,14.0,0.0,0.173,0.0331753554502369,0.0521327014218009,0.0,0.0971563981042654,0.2535545023696682,1,거포형
Daniel Schneemann,CLE,422.0,0.206,0.283,0.354,0.636,12.0,9.0,0.148,0.0284360189573459,0.0450236966824644,0.0213270142180094,0.0900473933649289,0.2772511848341232,3,저타율 장타형
Carson Kelly,CHC,421.0,0.249,0.333,0.428,0.761,17.0,2.0,0.179,0.0403800475059382,0.0332541567695962,0.004750593824228,0.1068883610451306,0.1900237529691211,1,거포형
Wilyer Abreu,BOS,417.0,0.247,0.317,0.469,0.786,22.0,6.0,0.2219999999999999,0.052757793764988,0.0407673860911271,0.014388489208633,0.0959232613908872,0.2422062350119904,1,거포형
Austin Hays,CIN,416.0,0.266,0.315,0.453,0.768,15.0,7.0,0.187,0.0360576923076923,0.0504807692307692,0.016826923076923,0.0697115384615384,0.2572115384615384,3,저타율 장타형
Nick Allen,ATL,416.0,0.221,0.284,0.251,0.535,0.0,8.0,0.03,0.0,0.0264423076923076,0.0192307692307692,0.0745192307692307,0.2379807692307692,0,저타율·저장타형
Bo Naylor,CLE,414.0,0.195,0.282,0.379,0.661,14.0,1.0,0.184,0.0338164251207729,0.0555555555555555,0.002415458937198,0.108695652173913,0.2391304347826087,3,저타율 장타형
Ronald Acu?a Jr.,ATL,412.0,0.29,0.417,0.518,0.935,21.0,9.0,0.228,0.0509708737864077,0.0315533980582524,0.0218446601941747,0.1723300970873786,0.2475728155339805,1,거포형
Spencer Horwitz,PIT,411.0,0.272,0.353,0.434,0.787,11.0,0.0,0.1619999999999999,0.0267639902676399,0.0632603406326034,0.0,0.1070559610705596,0.1776155717761557,2,교타·스피드형
Kyle Isbel,KCR,409.0,0.255,0.301,0.353,0.654,4.0,4.0,0.0979999999999999,0.0097799511002444,0.0488997555012225,0.0097799511002444,0.0562347188264058,0.1809290953545232,0,저타율·저장타형
Nick Gonzales,PIT,408.0,0.26,0.299,0.362,0.661,5.0,0.0,0.1019999999999999,0.0122549019607843,0.0514705882352941,0.0,0.0514705882352941,0.1789215686274509,2,교타·스피드형
Edgar Quero,CHW,403.0,0.268,0.333,0.356,0.689,5.0,0.0,0.0879999999999999,0.0124069478908188,0.0421836228287841,0.0,0.0794044665012407,0.1761786600496278,2,교타·스피드형
Royce Lewis,MIN,403.0,0.237,0.283,0.388,0.671,13.0,12.0,0.151,0.032258064516129,0.0446650124069478,0.0297766749379652,0.0620347394540942,0.1985111662531017,3,저타율 장타형
Nolan Jones,CLE,403.0,0.211,0.296,0.304,0.6,5.0,8.0,0.093,0.0124069478908188,0.0397022332506203,0.0198511166253101,0.0967741935483871,0.2803970223325062,0,저타율·저장타형
Nolan Gorman,STL,402.0,0.205,0.296,0.37,0.666,14.0,1.0,0.165,0.0348258706467661,0.0373134328358208,0.0024875621890547,0.1169154228855721,0.3383084577114428,3,저타율 장타형
Mauricio Dub?n,HOU,398.0,0.241,0.289,0.355,0.644,7.0,3.0,0.1139999999999999,0.0175879396984924,0.0527638190954773,0.007537688442211,0.0603015075376884,0.1055276381909547,2,교타·스피드형
Jordan Walker,STL,396.0,0.215,0.278,0.306,0.584,6.0,10.0,0.091,0.0151515151515151,0.0353535353535353,0.0252525252525252,0.0732323232323232,0.3181818181818182,0,저타율·저장타형
Matt Wallner,MIN,392.0,0.202,0.311,0.464,0.776,22.0,4.0,0.262,0.0561224489795918,0.048469387755102,0.010204081632653,0.1173469387755102,0.2908163265306122,3,저타율 장타형
Ram?n Ur?as,2TM,391.0,0.241,0.292,0.384,0.675,11.0,3.0,0.143,0.0281329923273657,0.0434782608695652,0.0076726342710997,0.0690537084398976,0.2250639386189258,3,저타율 장타형
Liam Hicks,MIA,390.0,0.247,0.346,0.346,0.693,6.0,2.0,0.0989999999999999,0.0153846153846153,0.0358974358974358,0.0051282051282051,0.1102564102564102,0.1435897435897435,2,교타·스피드형
Ezequiel Tovar,COL,390.0,0.253,0.294,0.4,0.694,9.0,5.0,0.147,0.023076923076923,0.0564102564102564,0.0128205128205128,0.0538461538461538,0.2512820512820513,3,저타율 장타형
Pedro Pag?s,STL,389.0,0.23,0.272,0.363,0.635,11.0,0.0,0.1329999999999999,0.0282776349614395,0.0385604113110539,0.0,0.0488431876606683,0.2750642673521851,0,저타율·저장타형
Max Muncy,LAD,388.0,0.243,0.376,0.47,0.846,19.0,4.0,0.2269999999999999,0.0489690721649484,0.0309278350515463,0.0103092783505154,0.1649484536082474,0.2139175257731958,1,거포형
Kody Clemens,2TM,386.0,0.213,0.281,0.434,0.715,19.0,5.0,0.221,0.0492227979274611,0.0414507772020725,0.0129533678756476,0.0751295336787564,0.2409326424870466,3,저타율 장타형
Victor Caratini,HOU,386.0,0.259,0.324,0.404,0.728,12.0,1.0,0.145,0.0310880829015544,0.0362694300518134,0.0025906735751295,0.0595854922279792,0.1683937823834196,2,교타·스피드형
Mike Tauchman,CHW,385.0,0.263,0.356,0.4,0.756,9.0,0.0,0.137,0.0233766233766233,0.0467532467532467,0.0,0.1168831168831168,0.2233766233766233,1,거포형
Wenceel P?rez,DET,383.0,0.244,0.308,0.43,0.738,13.0,8.0,0.186,0.0339425587467362,0.0548302872062663,0.02088772845953,0.0809399477806788,0.227154046997389,3,저타율 장타형
Brayan Rocchio,CLE,383.0,0.233,0.29,0.34,0.63,5.0,8.0,0.107,0.0130548302872062,0.052219321148825,0.02088772845953,0.0574412532637075,0.2010443864229765,0,저타율·저장타형
Jake Meyers,HOU,381.0,0.292,0.354,0.373,0.727,3.0,16.0,0.081,0.0078740157480314,0.0446194225721784,0.0419947506561679,0.0813648293963254,0.1758530183727034,2,교타·스피드형
Tommy Edman,LAD,377.0,0.225,0.274,0.382,0.655,13.0,3.0,0.157,0.0344827586206896,0.0371352785145888,0.0079575596816976,0.0503978779840848,0.1618037135278514,0,저타율·저장타형
Jared Triolo,PIT,376.0,0.227,0.311,0.356,0.667,7.0,13.0,0.1289999999999999,0.0186170212765957,0.0531914893617021,0.0345744680851063,0.1037234042553191,0.202127659574468,2,교타·스피드형
Jake Burger,TEX,376.0,0.236,0.269,0.419,0.687,16.0,1.0,0.183,0.0425531914893617,0.0425531914893617,0.0026595744680851,0.0319148936170212,0.2473404255319149,3,저타율 장타형
Jurickson Profar,ATL,371.0,0.245,0.353,0.434,0.787,14.0,9.0,0.189,0.0377358490566037,0.045822102425876,0.0242587601078167,0.1293800539083558,0.1590296495956873,1,거포형
Jos? Caballero,2TM,370.0,0.236,0.339,0.347,0.686,5.0,49.0,0.1109999999999999,0.0135135135135135,0.0513513513513513,0.1324324324324324,0.127027027027027,0.2648648648648649,2,교타·스피드형
Andr?s Gim?nez,TOR,369.0,0.21,0.285,0.313,0.598,7.0,12.0,0.103,0.018970189701897,0.032520325203252,0.032520325203252,0.067750677506775,0.1788617886178861,0,저타율·저장타형
Adley Rutschman,BAL,365.0,0.22,0.307,0.366,0.673,9.0,0.0,0.146,0.0246575342465753,0.0493150684931506,0.0,0.1095890410958904,0.1561643835616438,0,저타율·저장타형
Jacob Young,WSN,364.0,0.231,0.296,0.287,0.583,2.0,15.0,0.0559999999999999,0.0054945054945054,0.0302197802197802,0.0412087912087912,0.0741758241758241,0.1785714285714285,0,저타율·저장타형
Noelvi Mart?,CIN,360.0,0.263,0.3,0.448,0.748,14.0,10.0,0.185,0.0388888888888888,0.0527777777777777,0.0277777777777777,0.0444444444444444,0.2361111111111111,3,저타율 장타형
Colton Cowser,BAL,360.0,0.196,0.269,0.385,0.655,16.0,14.0,0.189,0.0444444444444444,0.0388888888888888,0.0388888888888888,0.075,0.3555555555555555,3,저타율 장타형
Ryan Mountcastle,BAL,357.0,0.25,0.286,0.367,0.653,7.0,3.0,0.1169999999999999,0.0196078431372549,0.0504201680672268,0.0084033613445378,0.042016806722689,0.2745098039215686,0,저타율·저장타형
Jordan Westburg,BAL,352.0,0.265,0.313,0.457,0.77,17.0,1.0,0.192,0.0482954545454545,0.03125,0.002840909090909,0.0482954545454545,0.2272727272727272,3,저타율 장타형
Daylen Lile,WSN,351.0,0.299,0.347,0.498,0.845,9.0,8.0,0.199,0.0256410256410256,0.074074074074074,0.0227920227920227,0.0598290598290598,0.1595441595441595,2,교타·스피드형
Casey Schmitt,SFG,348.0,0.237,0.305,0.401,0.706,12.0,0.0,0.164,0.0344827586206896,0.043103448275862,0.0,0.0775862068965517,0.2385057471264367,3,저타율 장타형
Freddy Fermin,2TM,347.0,0.251,0.297,0.339,0.636,5.0,1.0,0.088,0.0144092219020172,0.0374639769452449,0.0028818443804034,0.0547550432276657,0.1873198847262248,0,저타율·저장타형
JJ Bleday,ATH,344.0,0.212,0.294,0.404,0.698,14.0,1.0,0.192,0.0406976744186046,0.0494186046511627,0.002906976744186,0.1046511627906976,0.2645348837209302,3,저타율 장타형
Jose Iglesias,SDP,343.0,0.229,0.298,0.294,0.592,3.0,5.0,0.0649999999999999,0.0087463556851311,0.032069970845481,0.0145772594752186,0.0699708454810495,0.1632653061224489,0,저타율·저장타형
Javier Sanoja,MIA,342.0,0.243,0.287,0.396,0.683,6.0,6.0,0.153,0.0175438596491228,0.0760233918128654,0.0175438596491228,0.0555555555555555,0.1198830409356725,2,교타·스피드형
Tyler Stephenson,CIN,342.0,0.231,0.316,0.421,0.737,13.0,0.0,0.1899999999999999,0.0380116959064327,0.0526315789473684,0.0,0.1081871345029239,0.3391812865497076,3,저타율 장타형
Romy Gonz?lez,BOS,341.0,0.305,0.343,0.483,0.826,9.0,6.0,0.178,0.0263929618768328,0.0762463343108504,0.0175953079178885,0.0527859237536656,0.2375366568914956,2,교타·스피드형
Tyrone Taylor,NYM,341.0,0.223,0.279,0.319,0.598,2.0,12.0,0.096,0.0058651026392961,0.0615835777126099,0.0351906158357771,0.0469208211143695,0.2228739002932551,0,저타율·저장타형
Miguel Andujar,2TM,341.0,0.318,0.352,0.47,0.822,10.0,1.0,0.1519999999999999,0.0293255131964809,0.0527859237536656,0.002932551319648,0.0498533724340175,0.1436950146627566,2,교타·스피드형
Danny Jansen,2TM,337.0,0.215,0.321,0.399,0.721,14.0,0.0,0.184,0.0415430267062314,0.0326409495548961,0.0,0.1246290801186943,0.2551928783382789,1,거포형
Sean Murphy,ATL,337.0,0.199,0.3,0.409,0.709,16.0,0.0,0.2099999999999999,0.0474777448071216,0.0385756676557863,0.0,0.1038575667655786,0.3115727002967359,3,저타율 장타형
Connor Norby,MIA,337.0,0.251,0.3,0.389,0.689,8.0,8.0,0.138,0.0237388724035608,0.0534124629080118,0.0237388724035608,0.0534124629080118,0.2670623145400593,3,저타율 장타형
Michael Toglia,COL,337.0,0.19,0.258,0.353,0.611,11.0,3.0,0.1629999999999999,0.0326409495548961,0.0474777448071216,0.0089020771513353,0.0830860534124629,0.3916913946587537,3,저타율 장타형
Dane Myers,MIA,333.0,0.235,0.291,0.326,0.617,6.0,18.0,0.091,0.018018018018018,0.03003003003003,0.054054054054054,0.069069069069069,0.2312312312312312,0,저타율·저장타형
Joey Bart,PIT,332.0,0.249,0.355,0.34,0.696,4.0,1.0,0.091,0.0120481927710843,0.0391566265060241,0.003012048192771,0.1204819277108433,0.2801204819277108,0,저타율·저장타형
Luis Ur?as,ATH,330.0,0.23,0.315,0.338,0.653,8.0,2.0,0.108,0.0242424242424242,0.0212121212121212,0.006060606060606,0.0939393939393939,0.1363636363636363,0,저타율·저장타형
Starling Marte,NYM,329.0,0.27,0.335,0.41,0.745,9.0,7.0,0.1399999999999999,0.0273556231003039,0.0425531914893617,0.0212765957446808,0.0668693009118541,0.2066869300911854,2,교타·스피드형
Rhys Hoskins,MIL,328.0,0.237,0.332,0.416,0.748,12.0,2.0,0.179,0.0365853658536585,0.0396341463414634,0.0060975609756097,0.1158536585365853,0.2774390243902439,1,거포형
Brooks Baldwin,CHW,328.0,0.24,0.29,0.407,0.697,11.0,5.0,0.1669999999999999,0.0335365853658536,0.048780487804878,0.0152439024390243,0.0640243902439024,0.2621951219512195,3,저타율 장타형
Santiago Espinal,CIN,328.0,0.243,0.292,0.282,0.575,0.0,2.0,0.0389999999999999,0.0,0.0365853658536585,0.0060975609756097,0.0640243902439024,0.1158536585365853,0,저타율·저장타형
Kyle Higashioka,TEX,327.0,0.241,0.291,0.403,0.693,11.0,3.0,0.162,0.0336391437308868,0.0458715596330275,0.0091743119266055,0.0611620795107033,0.2201834862385321,3,저타율 장타형
Trey Sweeney,DET,326.0,0.196,0.258,0.291,0.548,6.0,3.0,0.0949999999999999,0.0184049079754601,0.0245398773006134,0.00920245398773,0.0797546012269938,0.2822085889570552,0,저타율·저장타형
Michael A. Taylor,CHW,325.0,0.2,0.259,0.366,0.625,9.0,8.0,0.1659999999999999,0.0276923076923076,0.0646153846153846,0.0246153846153846,0.0707692307692307,0.3384615384615385,3,저타율 장타형
Alex Call,2TM,322.0,0.267,0.361,0.385,0.746,5.0,2.0,0.118,0.015527950310559,0.046583850931677,0.0062111801242236,0.1118012422360248,0.170807453416149,2,교타·스피드형
Dylan Crews,WSN,322.0,0.208,0.28,0.352,0.631,10.0,17.0,0.144,0.031055900621118,0.031055900621118,0.0527950310559006,0.0745341614906832,0.2360248447204969,0,저타율·저장타형
Taylor Walls,TBR,317.0,0.22,0.28,0.319,0.599,4.0,14.0,0.099,0.0126182965299684,0.0473186119873817,0.0441640378548895,0.0820189274447949,0.2208201892744479,0,저타율·저장타형
Miguel Rojas,LAD,317.0,0.262,0.318,0.397,0.715,7.0,5.0,0.135,0.0220820189274447,0.056782334384858,0.0157728706624605,0.0757097791798107,0.1451104100946372,2,교타·스피드형
Jorge Soler,LAA,315.0,0.215,0.293,0.387,0.68,12.0,0.0,0.172,0.0380952380952381,0.0380952380952381,0.0,0.0888888888888888,0.2984126984126984,3,저타율 장타형
Rowdy Tellez,2TM,312.0,0.228,0.276,0.443,0.719,17.0,1.0,0.215,0.0544871794871794,0.0352564102564102,0.0032051282051282,0.0544871794871794,0.266025641025641,3,저타율 장타형
Gabriel Moreno,ARI,309.0,0.285,0.353,0.433,0.786,9.0,2.0,0.148,0.029126213592233,0.0420711974110032,0.0064724919093851,0.0938511326860841,0.1715210355987055,2,교타·스피드형
Joc Pederson,TEX,306.0,0.181,0.285,0.328,0.614,9.0,2.0,0.147,0.0294117647058823,0.0359477124183006,0.0065359477124183,0.1111111111111111,0.2124183006535947,0,저타율·저장타형
Christopher Morel,TBR,305.0,0.219,0.289,0.396,0.684,11.0,7.0,0.177,0.0360655737704918,0.0524590163934426,0.0229508196721311,0.081967213114754,0.3573770491803278,3,저타율 장타형
Roman Anthony,BOS,303.0,0.292,0.396,0.463,0.859,8.0,4.0,0.171,0.0264026402640264,0.0627062706270627,0.0132013201320132,0.132013201320132,0.2772277227722772,1,거포형
Jose Trevino,CIN,302.0,0.238,0.272,0.351,0.623,4.0,0.0,0.1129999999999999,0.0132450331125827,0.0662251655629139,0.0,0.0496688741721854,0.1291390728476821,2,교타·스피드형
Kyle Farmer,COL,300.0,0.227,0.28,0.365,0.645,8.0,0.0,0.1379999999999999,0.0266666666666666,0.0466666666666666,0.0,0.0566666666666666,0.22,0,저타율·저장타형
Myles Straw,TOR,299.0,0.262,0.313,0.367,0.68,4.0,12.0,0.1049999999999999,0.0133779264214046,0.0501672240802675,0.040133779264214,0.0635451505016722,0.1672240802675585,2,교타·스피드형
Kyle Teel,CHW,297.0,0.273,0.375,0.411,0.786,8.0,3.0,0.1379999999999999,0.0269360269360269,0.037037037037037,0.0101010101010101,0.1245791245791245,0.2592592592592592,1,거포형
Ben Williamson,SEA,295.0,0.253,0.294,0.31,0.604,1.0,5.0,0.0569999999999999,0.0033898305084745,0.0440677966101694,0.0169491525423728,0.0508474576271186,0.2169491525423728,0,저타율·저장타형
Thomas Saggese,STL,295.0,0.258,0.299,0.342,0.641,2.0,3.0,0.084,0.0067796610169491,0.0576271186440678,0.0101694915254237,0.0542372881355932,0.2813559322033898,0,저타율·저장타형
Heriberto Hern?ndez,MIA,294.0,0.266,0.347,0.438,0.784,10.0,1.0,0.172,0.0340136054421768,0.0442176870748299,0.0034013605442176,0.1054421768707483,0.2619047619047619,1,거포형
Coby Mayo,BAL,294.0,0.217,0.299,0.388,0.687,11.0,3.0,0.171,0.0374149659863945,0.0408163265306122,0.010204081632653,0.0918367346938775,0.2857142857142857,3,저타율 장타형
Randal Grichuk,2TM,293.0,0.228,0.273,0.401,0.674,9.0,0.0,0.173,0.030716723549488,0.0648464163822525,0.0,0.0580204778156996,0.2081911262798634,3,저타율 장타형
Mitch Garver,SEA,290.0,0.209,0.297,0.343,0.639,9.0,3.0,0.134,0.0310344827586206,0.0206896551724137,0.0103448275862068,0.1034482758620689,0.2758620689655172,0,저타율·저장타형
Yo?n Moncada,LAA,289.0,0.234,0.336,0.448,0.783,12.0,0.0,0.214,0.0415224913494809,0.0519031141868512,0.0,0.1107266435986159,0.259515570934256,1,거포형
Pavin Smith,ARI,288.0,0.258,0.362,0.434,0.797,8.0,2.0,0.176,0.0277777777777777,0.0625,0.0069444444444444,0.1423611111111111,0.3194444444444444,1,거포형
Riley Adams,WSN,286.0,0.186,0.252,0.308,0.56,8.0,1.0,0.122,0.0279720279720279,0.0279720279720279,0.0034965034965034,0.0629370629370629,0.3846153846153846,0,저타율·저장타형
Colson Montgomery,CHW,284.0,0.239,0.311,0.529,0.84,21.0,0.0,0.29,0.0739436619718309,0.0352112676056338,0.0,0.0880281690140845,0.2922535211267605,1,거포형
Abraham Toro,BOS,284.0,0.239,0.289,0.371,0.659,7.0,2.0,0.132,0.0246478873239436,0.0457746478873239,0.0070422535211267,0.0492957746478873,0.1478873239436619,0,저타율·저장타형
Luis Torrens,NYM,283.0,0.226,0.284,0.345,0.629,5.0,1.0,0.1189999999999999,0.0176678445229682,0.0530035335689045,0.0035335689045936,0.0671378091872791,0.1978798586572438,0,저타율·저장타형
Henry Davis,PIT,283.0,0.167,0.234,0.278,0.512,7.0,2.0,0.111,0.0247349823321554,0.0247349823321554,0.0070671378091872,0.0636042402826855,0.2685512367491166,0,저타율·저장타형
Elias D?az,SDP,283.0,0.204,0.27,0.337,0.607,9.0,0.0,0.133,0.0318021201413427,0.0247349823321554,0.0,0.0742049469964664,0.2614840989399293,0,저타율·저장타형
Giancarlo Stanton,NYY,281.0,0.273,0.35,0.594,0.944,24.0,0.0,0.3209999999999999,0.0854092526690391,0.0284697508896797,0.0,0.1032028469750889,0.3416370106761566,1,거포형
Francisco Alvarez,NYM,277.0,0.256,0.339,0.447,0.787,11.0,0.0,0.191,0.03971119133574,0.0469314079422382,0.0,0.0974729241877256,0.2635379061371841,1,거포형
Michael Massey,KCR,277.0,0.244,0.268,0.313,0.581,3.0,2.0,0.069,0.0108303249097472,0.0324909747292418,0.0072202166064981,0.0324909747292418,0.1552346570397112,0,저타율·저장타형
Brady House,WSN,274.0,0.234,0.252,0.322,0.574,4.0,5.0,0.088,0.0145985401459854,0.0401459854014598,0.0182481751824817,0.0291970802919708,0.2846715328467153,0,저타율·저장타형
Daulton Varsho,TOR,271.0,0.238,0.284,0.548,0.833,20.0,2.0,0.31,0.07380073800738,0.055350553505535,0.007380073800738,0.062730627306273,0.2841328413284132,3,저타율 장타형
Eli White,ATL,271.0,0.234,0.27,0.406,0.677,10.0,10.0,0.172,0.03690036900369,0.040590405904059,0.03690036900369,0.040590405904059,0.2583025830258302,3,저타율 장타형
Dominic Canzone,SEA,269.0,0.3,0.358,0.481,0.84,11.0,3.0,0.181,0.0408921933085501,0.0408921933085501,0.0111524163568773,0.0743494423791821,0.2193308550185873,1,거포형
Keibert Ruiz,WSN,267.0,0.247,0.277,0.318,0.595,2.0,0.0,0.071,0.0074906367041198,0.0449438202247191,0.0,0.0299625468164794,0.097378277153558,0,저타율·저장타형
Blaze Alexander,ARI,266.0,0.23,0.323,0.383,0.706,7.0,4.0,0.153,0.0263157894736842,0.0488721804511278,0.0150375939849624,0.0827067669172932,0.3233082706766917,3,저타율 장타형
Oswald Peraza,2TM,265.0,0.164,0.223,0.25,0.473,5.0,9.0,0.086,0.0188679245283018,0.0226415094339622,0.0339622641509433,0.0641509433962264,0.3018867924528302,0,저타율·저장타형
Curtis Mead,2TM,264.0,0.233,0.299,0.321,0.62,3.0,5.0,0.088,0.0113636363636363,0.0416666666666666,0.0189393939393939,0.0568181818181818,0.2386363636363636,0,저타율·저장타형
Kristian Campbell,BOS,263.0,0.223,0.319,0.345,0.664,6.0,2.0,0.1219999999999999,0.0228136882129277,0.0380228136882129,0.0076045627376425,0.1102661596958174,0.2737642585551331,0,저타율·저장타형
Edmundo Sosa,PHI,261.0,0.276,0.307,0.469,0.777,11.0,1.0,0.1929999999999999,0.0421455938697318,0.0498084291187739,0.003831417624521,0.0383141762452107,0.21455938697318,3,저타율 장타형
Cole Young,SEA,257.0,0.211,0.302,0.305,0.607,4.0,1.0,0.094,0.0155642023346303,0.0311284046692607,0.0038910505836575,0.1089494163424124,0.1828793774319066,0,저타율·저장타형
Kik? Hern?ndez,LAD,256.0,0.203,0.255,0.366,0.621,10.0,0.0,0.1629999999999999,0.0390625,0.03125,0.0,0.0703125,0.265625,3,저타율 장타형
Will Benson,CIN,253.0,0.226,0.273,0.435,0.708,12.0,2.0,0.209,0.0474308300395256,0.0395256916996047,0.0079051383399209,0.0632411067193675,0.2648221343873518,3,저타율 장타형
Tyler Fitzgerald,SFG,243.0,0.217,0.278,0.327,0.606,4.0,9.0,0.11,0.0164609053497942,0.0452674897119341,0.037037037037037,0.0699588477366255,0.2880658436213992,0,저타율·저장타형
Dylan Moore,2TM,243.0,0.201,0.267,0.374,0.642,11.0,14.0,0.173,0.0452674897119341,0.0205761316872428,0.0576131687242798,0.0823045267489712,0.3374485596707819,3,저타율 장타형
Nick Fortes,2TM,242.0,0.229,0.296,0.349,0.644,5.0,1.0,0.1199999999999999,0.0206611570247933,0.0413223140495867,0.0041322314049586,0.0578512396694214,0.1942148760330578,0,저타율·저장타형
LaMonte Wade Jr.,2TM,242.0,0.167,0.271,0.254,0.524,2.0,1.0,0.087,0.0082644628099173,0.0413223140495867,0.0041322314049586,0.1115702479338843,0.2396694214876033,0,저타율·저장타형
Dylan Carlson,BAL,241.0,0.203,0.278,0.336,0.614,6.0,3.0,0.133,0.0248962655601659,0.0414937759336099,0.0124481327800829,0.0871369294605809,0.2240663900414937,0,저타율·저장타형
Jakob Marsee,MIA,234.0,0.292,0.363,0.478,0.842,5.0,14.0,0.186,0.0213675213675213,0.0897435897435897,0.0598290598290598,0.094017094017094,0.2051282051282051,2,교타·스피드형
Alexander Canario,PIT,234.0,0.218,0.274,0.338,0.611,6.0,3.0,0.12,0.0256410256410256,0.0299145299145299,0.0128205128205128,0.0726495726495726,0.3418803418803419,0,저타율·저장타형
Jac Caglianone,KCR,232.0,0.157,0.237,0.295,0.532,7.0,1.0,0.1379999999999999,0.0301724137931034,0.0301724137931034,0.0043103448275862,0.0775862068965517,0.2241379310344827,0,저타율·저장타형
Travis d'Arnaud,LAA,231.0,0.197,0.255,0.343,0.598,6.0,0.0,0.146,0.0259740259740259,0.0562770562770562,0.0,0.0562770562770562,0.3203463203463203,3,저타율 장타형
Davis Schneider,TOR,227.0,0.234,0.361,0.436,0.797,11.0,3.0,0.2019999999999999,0.0484581497797356,0.0220264317180616,0.013215859030837,0.158590308370044,0.2643171806167401,1,거포형
Tim Tawa,ARI,225.0,0.201,0.274,0.347,0.62,7.0,8.0,0.1459999999999999,0.0311111111111111,0.0355555555555555,0.0355555555555555,0.0888888888888888,0.2844444444444444,0,저타율·저장타형
Dominic Smith,SFG,225.0,0.284,0.333,0.417,0.75,5.0,2.0,0.133,0.0222222222222222,0.0533333333333333,0.0088888888888888,0.0666666666666666,0.1866666666666666,2,교타·스피드형
Jake McCarthy,ARI,222.0,0.204,0.247,0.345,0.591,4.0,6.0,0.141,0.018018018018018,0.054054054054054,0.027027027027027,0.045045045045045,0.1801801801801801,0,저타율·저장타형
Anthony Santander,TOR,221.0,0.175,0.271,0.294,0.565,6.0,0.0,0.119,0.0271493212669683,0.0226244343891402,0.0,0.1131221719457013,0.2760180995475113,0,저타율·저장타형
Evan Carter,TEX,220.0,0.247,0.336,0.392,0.728,5.0,14.0,0.145,0.0227272727272727,0.05,0.0636363636363636,0.0863636363636363,0.1863636363636363,2,교타·스피드형
Ezequiel Dur?n,TEX,219.0,0.224,0.266,0.293,0.559,0.0,11.0,0.0689999999999999,0.0,0.0639269406392694,0.0502283105022831,0.0365296803652968,0.2511415525114155,0,저타율·저장타형
Luke Raley,SEA,219.0,0.202,0.319,0.311,0.631,4.0,2.0,0.1089999999999999,0.0182648401826484,0.0365296803652968,0.0091324200913242,0.0867579908675799,0.2922374429223744,0,저타율·저장타형
Drew Waters,KCR,219.0,0.243,0.288,0.316,0.603,1.0,5.0,0.073,0.0045662100456621,0.0410958904109589,0.0228310502283105,0.0502283105022831,0.273972602739726,0,저타율·저장타형
Jake Bauers,MIL,218.0,0.235,0.353,0.399,0.752,7.0,8.0,0.164,0.0321100917431192,0.0412844036697247,0.036697247706422,0.146788990825688,0.2706422018348624,1,거포형
Otto Kemp,PHI,218.0,0.234,0.298,0.411,0.709,8.0,2.0,0.1769999999999999,0.036697247706422,0.0504587155963302,0.0091743119266055,0.055045871559633,0.3073394495412844,3,저타율 장타형
Kameron Misner,TBR,217.0,0.213,0.273,0.345,0.618,5.0,8.0,0.1319999999999999,0.0230414746543778,0.0460829493087557,0.0368663594470046,0.0737327188940092,0.3179723502304147,0,저타율·저장타형
Jake Fraley,2TM,217.0,0.241,0.332,0.382,0.714,6.0,4.0,0.141,0.0276497695852534,0.0414746543778801,0.0184331797235023,0.1152073732718894,0.2258064516129032,1,거포형
Christian V?zquez,MIN,214.0,0.189,0.271,0.274,0.545,3.0,1.0,0.085,0.014018691588785,0.0327102803738317,0.0046728971962616,0.0841121495327102,0.1635514018691588,0,저타율·저장타형
Orlando Arcia,2TM,214.0,0.202,0.238,0.291,0.529,3.0,0.0,0.0889999999999999,0.014018691588785,0.0373831775700934,0.0,0.0467289719626168,0.219626168224299,0,저타율·저장타형
Parker Meadows,DET,213.0,0.215,0.291,0.33,0.621,4.0,4.0,0.115,0.0187793427230046,0.0375586854460093,0.0187793427230046,0.0985915492957746,0.2629107981220657,0,저타율·저장타형
Max Schuemann,ATH,213.0,0.197,0.295,0.273,0.568,2.0,7.0,0.076,0.0093896713615023,0.028169014084507,0.0328638497652582,0.1032863849765258,0.1643192488262911,0,저타율·저장타형
Alex Verdugo,ATL,213.0,0.239,0.296,0.289,0.585,0.0,1.0,0.0499999999999999,0.0,0.0469483568075117,0.0046948356807511,0.0657276995305164,0.1455399061032863,0,저타율·저장타형
Josh Rojas,CHW,211.0,0.18,0.252,0.259,0.512,2.0,4.0,0.079,0.0094786729857819,0.0426540284360189,0.0189573459715639,0.0900473933649289,0.2274881516587677,0,저타율·저장타형
Rob Refsnyder,BOS,209.0,0.269,0.354,0.484,0.838,9.0,3.0,0.2149999999999999,0.0430622009569378,0.0574162679425837,0.0143540669856459,0.1148325358851674,0.2583732057416268,1,거포형
Tyler O'Neill,BAL,209.0,0.199,0.292,0.392,0.684,9.0,4.0,0.193,0.0430622009569378,0.0334928229665071,0.0191387559808612,0.1052631578947368,0.2440191387559808,3,저타율 장타형
Nacho Alvarez Jr.,ATL,208.0,0.234,0.296,0.33,0.626,2.0,0.0,0.096,0.0096153846153846,0.0576923076923076,0.0,0.0576923076923076,0.235576923076923,0,저타율·저장타형
Paul DeJong,WSN,208.0,0.228,0.269,0.373,0.642,6.0,4.0,0.145,0.0288461538461538,0.048076923076923,0.0192307692307692,0.0528846153846153,0.3365384615384615,3,저타율 장타형
Edouard Julien,MIN,208.0,0.22,0.309,0.324,0.633,3.0,0.0,0.104,0.0144230769230769,0.048076923076923,0.0,0.1057692307692307,0.2932692307692308,0,저타율·저장타형
Luke Keaschall,MIN,207.0,0.302,0.382,0.445,0.827,4.0,14.0,0.143,0.0193236714975845,0.0676328502415458,0.0676328502415458,0.0917874396135265,0.1400966183574879,2,교타·스피드형
Ryan Ritter,COL,207.0,0.241,0.296,0.337,0.632,1.0,3.0,0.096,0.0048309178743961,0.0579710144927536,0.0144927536231884,0.0483091787439613,0.2946859903381642,0,저타율·저장타형
Robert Hassell III,WSN,206.0,0.223,0.257,0.315,0.572,3.0,4.0,0.092,0.0145631067961165,0.0436893203883495,0.0194174757281553,0.0388349514563106,0.3009708737864077,0,저타율·저장타형
Masataka Yoshida,BOS,205.0,0.266,0.307,0.388,0.696,4.0,3.0,0.122,0.0195121951219512,0.0536585365853658,0.0146341463414634,0.048780487804878,0.1170731707317073,2,교타·스피드형
Jos? Herrera,ARI,204.0,0.187,0.285,0.259,0.544,2.0,0.0,0.072,0.0098039215686274,0.0294117647058823,0.0,0.1127450980392156,0.230392156862745,0,저타율·저장타형
