"last_name, first_name","player_id","year","player_age","p_formatted_ip","hit","home_run","strikeout","walk","p_earned_run","p_era"
"Colon, Bartolo",112526,2016,43,"191.2",200,24,128,32,"73","3.43"
"Dickey, R.A.",285079,2016,41,"169.2",169,28,126,63,"84","4.46"
"Lackey, John",407793,2016,37,"188.1",146,23,180,53,"70","3.35"
"Santana, Ervin",429722,2016,33,"181.1",168,19,149,53,"68","3.38"
"Hamels, Cole",430935,2016,32,"200.2",185,24,200,77,"74","3.32"
"Verlander, Justin",434378,2016,33,"227.2",171,30,254,57,"77","3.04"
"Liriano, Francisco",434538,2016,32,"163.0",157,26,168,85,"85","4.69"
"Hammel, Jason",434628,2016,33,"166.2",148,25,144,53,"71","3.83"
"Nolasco, Ricky",445060,2016,33,"197.2",202,26,144,44,"97","4.42"
"Weaver, Jered",450308,2016,33,"178.0",209,37,103,51,"100","5.06"
"Fister, Doug",450729,2016,32,"180.1",195,24,115,62,"93","4.64"
"Lester, Jon",452657,2016,32,"202.2",154,21,197,52,"55","2.44"
"Kennedy, Ian",453178,2016,31,"195.2",173,33,184,66,"80","3.68"
"Price, David",456034,2016,30,"230.0",227,30,228,50,"102","3.99"
"Gonzalez, Gio",461829,2016,30,"177.1",179,19,171,59,"90","4.57"
"Estrada, Marco",462136,2016,32,"176.0",132,23,165,65,"68","3.48"
"Nova, Iván",467100,2016,29,"162.0",175,23,127,28,"75","4.17"
"Tillman, Chris",501957,2016,28,"172.0",155,19,140,66,"72","3.77"
"Samardzija, Jeff",502188,2016,31,"203.1",190,24,167,54,"86","3.81"
"Leake, Mike",502190,2016,28,"176.2",203,20,125,30,"92","4.69"
"Bumgarner, Madison",518516,2016,26,"226.2",179,26,251,54,"69","2.74"
"Duffy, Danny",518633,2016,27,"179.2",163,27,188,42,"70","3.51"
"Sale, Chris",519242,2016,27,"226.2",190,27,233,45,"84","3.34"
"Pérez, Martín",527048,2016,25,"198.2",205,18,103,76,"97","4.39"
"Hendricks, Kyle",543294,2016,26,"190.0",142,15,170,44,"45","2.13"
"Koehler, Tom",543408,2016,30,"176.2",176,22,147,83,"85","4.33"
"McHugh, Collin",543521,2016,29,"184.2",206,25,177,54,"89","4.34"
"Roark, Tanner",543699,2016,29,"210.0",173,17,172,73,"66","2.83"
"Iwakuma, Hisashi",547874,2016,35,"199.0",218,28,147,46,"91","4.12"
"Tanaka, Masahiro",547888,2016,27,"199.2",179,22,165,36,"68","3.07"
"Fiers, Mike",571666,2016,31,"168.2",187,26,134,42,"84","4.48"
"Straily, Dan",573185,2016,27,"191.1",154,31,162,73,"80","3.76"
"Gausman, Kevin",592332,2016,25,"179.2",183,28,174,47,"72","3.61"
"Ray, Robbie",592662,2016,24,"174.1",185,24,218,71,"95","4.90"
"Sanchez, Aaron",592717,2016,23,"192.0",161,15,161,63,"64","3.00"
"Smyly, Drew",592767,2016,27,"175.1",174,32,167,49,"95","4.88"
"Davies, Zach",605200,2016,23,"163.1",166,20,135,38,"72","3.97"
"Fernández, José",605228,2016,23,"182.1",149,13,253,55,"58","2.86"
"Graveman, Kendall",608665,2016,25,"186.0",196,22,108,47,"85","4.11"
"Dickey, R.A.",285079,2017,42,"190.0",193,26,136,67,"90","4.26"
"Lackey, John",407793,2017,38,"170.2",165,36,149,53,"87","4.59"
"Santana, Ervin",429722,2017,34,"211.1",177,31,167,61,"77","3.28"
"Verlander, Justin",434378,2017,34,"206.0",170,27,219,72,"77","3.36"
"Hammel, Jason",434628,2017,34,"180.1",209,26,145,48,"106","5.29"
"Nolasco, Ricky",445060,2017,34,"181.0",205,35,143,58,"99","4.92"
"Vargas, Jason",450306,2017,34,"179.2",181,27,134,58,"83","4.16"
"Lester, Jon",452657,2017,33,"180.2",179,26,180,60,"87","4.33"
"Richard, Clayton",453385,2017,33,"197.1",240,24,151,59,"105","4.79"
"Lynn, Lance",458681,2017,30,"186.1",151,27,153,78,"71","3.43"
"Gonzalez, Gio",461829,2017,31,"201.0",158,21,188,79,"66","2.96"
"Estrada, Marco",462136,2017,33,"186.0",186,31,176,71,"103","4.98"
"Nova, Iván",467100,2017,30,"187.0",203,29,131,36,"86","4.14"
"Carrasco, Carlos",471911,2017,30,"200.0",173,21,226,46,"73","3.29"
"Kershaw, Clayton",477132,2017,29,"175.0",136,23,202,30,"45","2.31"
"Cobb, Alex",502171,2017,29,"179.1",175,22,128,44,"73","3.66"
"Samardzija, Jeff",502188,2017,32,"207.2",204,30,205,32,"102","4.42"
"Leake, Mike",502190,2017,29,"186.0",201,20,130,37,"81","3.92"
"Darvish, Yu",506433,2017,30,"186.2",159,27,209,58,"80","3.86"
"Sale, Chris",519242,2017,28,"214.1",165,24,308,43,"69","2.90"
"Pérez, Martín",527048,2017,26,"185.0",221,23,115,63,"99","4.82"
"Cole, Gerrit",543037,2017,26,"203.0",199,31,196,55,"96","4.26"
"Roark, Tanner",543699,2017,30,"181.1",178,23,166,64,"94","4.67"
"Tanaka, Masahiro",547888,2017,28,"178.1",180,35,194,41,"94","4.74"
"Corbin, Patrick",571578,2017,27,"189.2",208,26,178,61,"85","4.03"
"Straily, Dan",573185,2017,28,"181.2",176,31,170,60,"86","4.26"
"Gausman, Kevin",592332,2017,26,"186.2",208,29,179,71,"97","4.68"
"Ray, Robbie",592662,2017,25,"162.0",116,23,218,71,"52","2.89"
"Davies, Zach",605200,2017,24,"191.1",204,20,124,55,"83","3.90"
"Wacha, Michael",608379,2017,25,"165.2",170,17,158,55,"76","4.13"
"Márquez, Germán",608566,2017,22,"162.0",174,25,147,49,"79","4.39"
"Hamels, Cole",430935,2018,34,"190.2",176,29,188,65,"80","3.78"
"Verlander, Justin",434378,2018,35,"214.0",156,28,290,37,"60","2.52"
"Lester, Jon",452657,2018,34,"181.2",174,24,149,64,"67","3.32"
"LeBlanc, Wade",453281,2018,33,"162.0",151,24,130,40,"67","3.72"
"Price, David",456034,2018,32,"176.0",151,25,177,50,"70","3.58"
"Gonzalez, Gio",461829,2018,32,"171.0",167,17,148,80,"80","4.21"
"Carrasco, Carlos",471911,2018,31,"192.0",173,21,231,43,"72","3.38"
"Gibson, Kyle",502043,2018,30,"196.2",177,23,179,79,"79","3.62"
"Leake, Mike",502190,2018,30,"185.2",207,23,119,34,"90","4.36"
"Cole, Gerrit",543037,2018,27,"200.1",143,19,276,64,"64","2.88"
"Hendricks, Kyle",543294,2018,28,"199.0",184,22,161,44,"76","3.44"
"Roark, Tanner",543699,2018,31,"180.1",181,24,146,50,"87","4.34"
"Corbin, Patrick",571578,2018,28,"200.0",162,15,246,48,"70","3.15"
"Fiers, Mike",571666,2018,33,"172.0",166,32,139,37,"68","3.56"
"Mikolas, Miles",571945,2018,29,"200.2",186,16,146,29,"63","2.83"
"Gausman, Kevin",592332,2018,27,"183.2",189,26,148,50,"80","3.92"
"Taillon, Jameson",592791,2018,26,"191.0",179,20,179,46,"68","3.20"
"Clevinger, Mike",605182,2018,27,"200.0",164,21,207,67,"67","3.02"
"Freeland, Kyle",607536,2018,25,"202.1",182,17,173,70,"64","2.85"
"Giolito, Lucas",608337,2018,23,"173.1",166,27,125,90,"118","6.13"
"Márquez, Germán",608566,2018,23,"196.0",179,24,230,57,"82","3.77"
"Berríos, José",621244,2018,24,"192.1",159,25,202,61,"82","3.84"
"Godley, Zack",643327,2018,28,"178.1",177,16,185,81,"94","4.74"
"Newcomb, Sean",656794,2018,25,"164.0",137,18,160,81,"71","3.90"
"Verlander, Justin",434378,2019,36,"223.0",137,36,300,42,"64","2.58"
"Sánchez, Aníbal",434671,2019,35,"166.0",153,22,134,58,"71","3.85"
"Lester, Jon",452657,2019,35,"171.2",205,26,165,52,"85","4.46"
"Lynn, Lance",458681,2019,32,"208.1",195,21,246,59,"85","3.67"
"Nova, Iván",467100,2019,32,"187.0",225,30,114,47,"98","4.72"
"Kershaw, Clayton",477132,2019,31,"178.1",145,28,189,41,"60","3.03"
"Samardzija, Jeff",502188,2019,34,"181.1",152,28,140,49,"71","3.52"
"Leake, Mike",502190,2019,31,"197.0",227,41,127,27,"94","4.29"
"Darvish, Yu",506433,2019,32,"178.2",140,33,229,56,"79","3.98"
"Bumgarner, Madison",518516,2019,29,"207.2",191,30,203,43,"90","3.90"
"Kelly, Merrill",518876,2019,30,"183.1",184,29,158,57,"90","4.42"
"Pérez, Martín",527048,2019,28,"165.1",184,23,135,67,"94","5.12"
"Cole, Gerrit",543037,2019,28,"212.1",142,29,326,48,"59","2.50"
"Hendricks, Kyle",543294,2019,29,"177.0",168,19,150,32,"68","3.46"
"Roark, Tanner",543699,2019,32,"165.1",180,28,158,51,"80","4.35"
"Tanaka, Masahiro",547888,2019,30,"182.0",186,28,149,40,"90","4.45"
"Ryu, Hyun Jin",547943,2019,32,"182.2",160,17,163,24,"47","2.32"
"Corbin, Patrick",571578,2019,29,"202.0",169,24,238,70,"73","3.25"
"Fiers, Mike",571666,2019,34,"184.2",166,30,126,53,"80","3.90"
"Mikolas, Miles",571945,2019,30,"184.0",193,27,144,32,"85","4.16"
"Ray, Robbie",592662,2019,27,"174.1",150,30,235,84,"84","4.34"
"Giolito, Lucas",608337,2019,24,"176.2",131,24,228,57,"67","3.41"
"Márquez, Germán",608566,2019,24,"174.0",174,29,175,35,"92","4.76"
"Eflin, Zach",621107,2019,25,"163.1",172,28,129,48,"75","4.13"
"Berríos, José",621244,2019,25,"200.1",194,26,195,51,"82","3.68"
"Hudson, Dakota",641712,2019,24,"174.2",160,22,136,86,"65","3.35"
"Alcantara, Sandy",645261,2019,23,"197.1",179,23,151,81,"85","3.88"
"Soroka, Michael",647336,2019,21,"174.2",153,14,142,41,"52","2.68"
"Flaherty, Jack",656427,2019,23,"196.1",135,25,231,55,"60","2.75"
"Lester, Jon",452657,2020,36,"61.0",64,11,42,17,"35","5.16"
"Lynn, Lance",458681,2020,33,"84.0",64,13,89,25,"31","3.32"
"Carrasco, Carlos",471911,2020,33,"68.0",55,8,82,27,"22","2.91"
"Gibson, Kyle",502043,2020,32,"67.1",73,12,58,30,"40","5.35"
"Darvish, Yu",506433,2020,33,"76.0",59,5,93,14,"17","2.01"
"Pérez, Martín",527048,2020,29,"62.0",55,8,46,28,"31","4.50"
"Cole, Gerrit",543037,2020,29,"73.0",53,14,94,17,"23","2.84"
"Hendricks, Kyle",543294,2020,30,"81.1",73,10,64,8,"26","2.88"
"Ryu, Hyun Jin",547943,2020,33,"67.0",60,6,72,17,"20","2.69"
"Corbin, Patrick",571578,2020,30,"65.2",85,10,60,18,"34","4.66"
"Davies, Zach",605200,2020,27,"69.1",55,9,63,19,"21","2.73"
"Freeland, Kyle",607536,2020,27,"70.2",77,9,46,23,"34","4.33"
"Giolito, Lucas",608337,2020,25,"72.1",47,8,97,28,"28","3.48"
"Márquez, Germán",608566,2020,25,"81.2",78,6,73,25,"34","3.75"
"Berríos, José",621244,2020,26,"63.0",57,8,68,26,"28","4.00"
"Lamet, Dinelson",659275,2020,27,"69.0",39,5,93,20,"16","2.09"
"Valdez, Framber",664285,2020,26,"70.2",63,5,76,16,"28","3.57"
"Gibson, Kyle",502043,2021,33,"182.0",158,17,155,64,"75","3.71"
"Darvish, Yu",506433,2021,34,"166.1",138,28,199,44,"78","4.22"
"Cole, Gerrit",543037,2021,30,"181.1",151,24,243,41,"65","3.23"
"Eovaldi, Nathan",543135,2021,31,"182.1",182,15,195,35,"76","3.75"
"Hendricks, Kyle",543294,2021,31,"181.0",200,31,131,44,"96","4.77"
"Lyles, Jordan",543475,2021,30,"180.0",194,38,146,56,"103","5.15"
"Ryu, Hyun Jin",547943,2021,34,"169.0",170,24,143,37,"82","4.37"
"Corbin, Patrick",571578,2021,31,"171.2",192,37,143,60,"111","5.82"
"Gausman, Kevin",592332,2021,30,"192.0",150,20,227,50,"60","2.81"
"Ray, Robbie",592662,2021,29,"193.1",150,33,248,52,"61","2.84"
"Montas, Frankie",593423,2021,28,"187.0",164,20,207,57,"70","3.37"
"Giolito, Lucas",608337,2021,26,"178.2",145,27,201,51,"70","3.53"
"Márquez, Germán",608566,2021,26,"180.0",165,21,176,64,"88","4.40"
"McCullers Jr., Lance",621121,2021,27,"162.1",122,13,185,76,"57","3.16"
"Berríos, José",621244,2021,27,"192.0",159,22,204,45,"75","3.52"
"Flexen, Chris",623167,2021,26,"179.2",185,19,125,40,"72","3.61"
"Urías, Julio",628711,2021,24,"185.2",151,19,195,38,"61","2.96"
"Mahle, Tyler",641816,2021,26,"180.0",158,24,210,64,"75","3.75"
"Alcantara, Sandy",645261,2021,25,"205.2",171,21,201,50,"73","3.19"
"Verlander, Justin",434378,2022,39,"175.0",116,12,185,29,"34","1.75"
"Gibson, Kyle",502043,2022,34,"167.2",176,24,144,48,"94","5.05"
"Darvish, Yu",506433,2022,35,"194.2",148,22,197,37,"67","3.10"
"Kelly, Merrill",518876,2022,33,"200.1",167,21,177,61,"75","3.37"
"Pérez, Martín",527048,2022,31,"196.1",178,11,169,69,"63","2.89"
"Cole, Gerrit",543037,2022,31,"200.2",154,33,257,50,"78","3.50"
"Lyles, Jordan",543475,2022,31,"179.0",196,26,144,52,"88","4.42"
"Mikolas, Miles",571945,2022,33,"202.1",170,25,153,39,"74","3.29"
"Gausman, Kevin",592332,2022,31,"174.2",188,15,205,28,"65","3.35"
"Ray, Robbie",592662,2022,30,"189.0",163,32,212,62,"78","3.71"
"Taillon, Jameson",592791,2022,30,"177.1",168,26,151,32,"77","3.91"
"Freeland, Kyle",607536,2022,29,"174.2",193,19,131,53,"88","4.53"
"Márquez, Germán",608566,2022,27,"181.2",185,30,150,63,"100","4.95"
"Berríos, José",621244,2022,28,"172.0",199,29,149,45,"100","5.23"
"Urías, Julio",628711,2022,25,"175.0",127,23,166,41,"42","2.16"
"López, Pablo",641154,2022,26,"180.0",157,21,174,53,"75","3.75"
"Alcantara, Sandy",645261,2022,26,"228.2",174,16,207,50,"58","2.28"
"Wright, Kyle",657140,2022,26,"180.1",156,19,174,53,"64","3.19"
"McKenzie, Triston",663474,2022,24,"191.1",138,25,190,44,"63","2.96"
"McClanahan, Shane",663556,2022,25,"166.1",116,19,194,37,"47","2.54"
"Valdez, Framber",664285,2022,28,"201.1",166,11,194,67,"63","2.82"
"Manoah, Alek",666201,2022,24,"196.2",144,16,180,51,"49","2.24"
"Verlander, Justin",434378,2023,40,"162.1",139,18,144,45,"58","3.22"
"Lynn, Lance",458681,2023,36,"183.2",189,44,191,67,"117","5.73"
"Gibson, Kyle",502043,2023,35,"192.0",198,23,157,55,"101","4.73"
"Kelly, Merrill",518876,2023,34,"177.2",143,20,187,68,"65","3.29"
"Cole, Gerrit",543037,2023,32,"209.0",157,20,222,48,"61","2.63"
"Lyles, Jordan",543475,2023,32,"177.2",176,39,120,45,"124","6.28"
"Corbin, Patrick",571578,2023,33,"180.0",210,33,124,57,"104","5.20"
"Mikolas, Miles",571945,2023,34,"201.1",226,26,137,39,"107","4.78"
"Kikuchi, Yusei",579328,2023,32,"167.2",165,27,181,48,"72","3.86"
"Gausman, Kevin",592332,2023,32,"185.0",163,19,237,55,"65","3.16"
"Walker, Taijuan",592836,2023,30,"172.2",155,20,138,71,"84","4.38"
"Giolito, Lucas",608337,2023,28,"184.1",169,41,204,73,"100","4.88"
"Eflin, Zach",621107,2023,29,"177.2",158,19,186,24,"69","3.50"
"Berríos, José",621244,2023,29,"189.2",173,25,184,52,"77","3.65"
"López, Pablo",641154,2023,27,"194.0",176,24,234,48,"79","3.66"
"Dunning, Dane",641540,2023,28,"172.2",163,20,140,55,"71","3.70"
"Peralta, Freddy",642547,2023,27,"165.2",131,26,210,54,"71","3.86"
"Alcantara, Sandy",645261,2023,27,"184.2",176,22,151,48,"85","4.14"
"Keller, Mitch",656605,2023,27,"194.1",187,25,210,55,"91","4.21"
"Steele, Justin",657006,2023,27,"173.1",167,14,176,36,"59","3.06"
"Valdez, Framber",664285,2023,29,"198.0",166,19,200,57,"76","3.45"
"Kremer, Dean",665152,2023,27,"172.2",171,27,157,55,"79","4.12"
"Bradish, Kyle",680694,2023,26,"168.2",132,14,168,44,"53","2.83"
"Elder, Bryce",693821,2023,24,"174.2",160,19,128,63,"74","3.81"
"Gibson, Kyle",502043,2024,36,"169.2",161,23,151,68,"80","4.24"
"Sale, Chris",519242,2024,35,"177.2",141,9,225,39,"47","2.38"
"Eovaldi, Nathan",543135,2024,34,"170.2",147,23,166,42,"72","3.80"
"Corbin, Patrick",571578,2024,34,"174.2",208,25,139,54,"109","5.62"
"Mikolas, Miles",571945,2024,35,"171.2",194,26,122,25,"102","5.35"
"Kikuchi, Yusei",579328,2024,33,"175.2",167,25,206,44,"79","4.05"
"Gausman, Kevin",592332,2024,33,"181.0",165,20,162,56,"77","3.83"
"Taillon, Jameson",592791,2024,32,"165.1",154,21,125,33,"60","3.27"
"Gomber, Austin",596295,2024,30,"165.0",178,30,116,38,"87","4.75"
"Rea, Colin",607067,2024,33,"167.2",169,29,135,43,"80","4.29"
"Wacha, Michael",608379,2024,32,"166.2",154,17,145,45,"62","3.35"
"Eflin, Zach",621107,2024,30,"165.1",166,22,134,24,"66","3.59"
"Berríos, José",621244,2024,30,"192.1",168,31,153,54,"77","3.60"
"López, Pablo",641154,2024,28,"185.1",180,26,198,41,"84","4.08"
"Ober, Bailey",641927,2024,28,"178.2",136,27,191,43,"79","3.98"
"Peralta, Freddy",642547,2024,28,"173.2",143,26,200,68,"71","3.68"
"King, Michael",650633,2024,29,"173.2",144,17,201,63,"57","2.95"
"Sánchez, Cristopher",650911,2024,27,"181.2",182,11,153,44,"67","3.32"
"Flaherty, Jack",656427,2024,28,"162.0",135,24,194,38,"57","3.17"
"Houck, Tanner",656557,2024,28,"178.2",156,11,154,48,"62","3.12"
"Keller, Mitch",656605,2024,28,"178.0",182,23,166,50,"84","4.25"
"Feltner, Ryan",663372,2024,27,"162.1",165,20,138,52,"81","4.49"
"Irvin, Jake",663623,2024,27,"187.2",173,29,156,52,"92","4.41"
"Valdez, Framber",664285,2024,30,"176.1",140,13,169,55,"57","2.91"
"Gore, MacKenzie",669022,2024,25,"166.1",171,15,181,65,"72","3.90"
"Skubal, Tarik",669373,2024,27,"192.0",142,15,228,35,"51","2.39"
"Blanco, Ronel",669854,2024,30,"167.1",114,22,166,68,"52","2.80"
"Crawford, Kutter",676710,2024,28,"183.2",155,34,175,51,"89","4.36"
"Bello, Brayan",678394,2024,25,"162.1",157,19,153,64,"81","4.49"
"Miller, Bryce",682243,2024,25,"180.1",131,21,171,45,"59","2.94"
"Imanaga, Shota",684007,2024,30,"173.1",149,27,174,28,"56","2.91"
"Kelly, Merrill",518876,2025,36,"184.0",157,23,167,48,"72","3.52"
"Hendricks, Kyle",543294,2025,35,"164.2",167,25,114,43,"87","4.76"
"Kikuchi, Yusei",579328,2025,34,"178.1",180,24,174,74,"79","3.99"
"Gausman, Kevin",592332,2025,34,"193.0",155,21,189,50,"77","3.59"
"Ray, Robbie",592662,2025,33,"182.1",148,22,186,73,"74","3.65"
"Springs, Jeffrey",605488,2025,32,"171.0",153,28,138,54,"78","4.11"
"Martinez, Nick",607259,2025,34,"165.2",158,22,116,42,"82","4.45"
"Freeland, Kyle",607536,2025,32,"162.2",193,22,124,38,"90","4.98"
"Wacha, Michael",608379,2025,33,"172.2",166,15,126,45,"74","3.86"
"Berríos, José",621244,2025,31,"166.0",160,26,138,56,"77","4.17"
"Littell, Zack",641793,2025,29,"186.2",174,36,130,32,"79","3.81"
"Peralta, Freddy",642547,2025,29,"176.2",124,21,204,66,"53","2.70"
"Alcantara, Sandy",645261,2025,29,"174.2",165,22,142,57,"104","5.36"
"Sánchez, Cristopher",650911,2025,28,"202.0",171,12,212,44,"56","2.50"
"Keller, Mitch",656605,2025,29,"176.1",171,21,150,51,"82","4.19"
"Peterson, David",656849,2025,29,"168.2",166,11,150,65,"79","4.22"
"Ryan, Joe",657746,2025,29,"171.0",138,26,194,39,"65","3.42"
"Irvin, Jake",663623,2025,28,"180.0",195,38,124,62,"114","5.70"
"Valdez, Framber",664285,2025,31,"192.0",171,15,187,68,"78","3.66"
"Kremer, Dean",665152,2025,29,"171.2",163,22,142,45,"80","4.19"
"Soriano, José",667755,2025,26,"169.0",158,12,152,78,"80","4.26"
"Williams, Gavin",668909,2025,25,"167.2",130,23,173,83,"57","3.06"
"Baz, Shane",669358,2025,26,"166.1",158,26,176,64,"90","4.87"
"Skubal, Tarik",669373,2025,28,"195.1",141,18,241,33,"48","2.21"
"Pallante, Andre",669467,2025,26,"162.2",173,21,111,62,"96","5.31"
"Abbott, Andrew",671096,2025,26,"166.1",148,19,149,43,"53","2.87"
"Bello, Brayan",678394,2025,26,"166.2",147,16,124,59,"62","3.35"
"Skenes, Paul",694973,2025,23,"187.2",136,11,216,42,"41","1.97"
"Warren, Will",701542,2025,26,"162.1",158,22,171,65,"80","4.44"
"Yamamoto, Yoshinobu",808967,2025,26,"173.2",113,14,201,59,"48","2.49"
"Sabathia, CC",282332,2016,35,"179.2",172,22,152,65,"78","3.91"
"Wainwright, Adam",425794,2016,34,"198.2",220,22,161,59,"102","4.62"
"Kluber, Corey",446372,2016,30,"215.0",170,22,227,57,"75","3.14"
"Shields, James",448306,2016,34,"181.2",208,40,135,82,"118","5.85"
"García, Jaime",448802,2016,29,"171.2",179,26,150,57,"89","4.67"
"Volquez, Edinson",450172,2016,32,"189.1",217,23,139,76,"113","5.37"
"Scherzer, Max",453286,2016,31,"228.1",165,31,284,56,"75","2.96"
"Arrieta, Jake",453562,2016,30,"197.1",138,16,190,76,"68","3.10"
"Cueto, Johnny",456501,2016,30,"219.2",195,15,198,45,"68","2.79"
"Happ, J.A.",457918,2016,33,"195.0",168,22,163,60,"69","3.18"
"Tomlin, Josh",458708,2016,31,"174.0",187,36,118,20,"85","4.40"
"Hellickson, Jeremy",476451,2016,29,"189.0",173,24,154,45,"78","3.71"
"Miley, Wade",489119,2016,29,"166.0",187,25,137,49,"99","5.37"
"Quintana, Jose",500779,2016,27,"208.0",192,22,181,50,"74","3.20"
"Pineda, Michael",501381,2016,27,"175.2",184,27,207,53,"94","4.82"
"Archer, Chris",502042,2016,27,"201.1",183,30,233,67,"90","4.02"
"Santiago, Héctor",502327,2016,28,"182.0",169,33,144,79,"95","4.70"
"Bettis, Chad",518452,2016,27,"186.0",204,22,138,59,"99","4.79"
"Moore, Matt",519043,2016,27,"198.1",184,25,178,72,"90","4.08"
"Nelson, Jimmy",519076,2016,27,"179.1",186,25,140,86,"92","4.62"
"Pomeranz, Drew",519141,2016,27,"170.2",137,22,186,65,"63","3.32"
"Porcello, Rick",519144,2016,27,"223.0",193,23,189,32,"78","3.15"
"Teheran, Julio",527054,2016,25,"188.0",157,22,167,41,"67","3.21"
"Odorizzi, Jake",543606,2016,26,"187.2",170,29,166,54,"77","3.69"
"Bauer, Trevor",545333,2016,25,"190.0",179,20,168,70,"90","4.26"
"Ventura, Yordano",570649,2016,25,"186.0",190,23,144,78,"92","4.45"
"Keuchel, Dallas",572971,2016,28,"168.0",168,20,144,48,"85","4.55"
"Stroman, Marcus",573186,2016,25,"204.0",209,21,166,54,"99","4.37"
"Gray, Jon",592351,2016,24,"168.0",153,18,185,59,"86","4.61"
"Syndergaard, Noah",592789,2016,23,"183.2",168,11,218,43,"53","2.60"
"Martinez, Carlos",593372,2016,24,"195.1",169,15,174,70,"66","3.04"
"Eickhoff, Jerad",595191,2016,25,"197.1",187,30,167,42,"80","3.65"
"Finnegan, Brandon",605232,2016,23,"172.0",150,29,145,84,"76","3.98"
"Rodón, Carlos",607074,2016,23,"165.0",176,23,168,54,"74","4.04"
"Maeda, Kenta",628317,2016,28,"175.2",150,20,179,50,"68","3.48"
"Greinke, Zack",425844,2017,33,"202.1",172,25,215,45,"72","3.20"
"Kluber, Corey",446372,2017,31,"203.2",141,21,265,36,"51","2.25"
"Scherzer, Max",453286,2017,32,"200.2",126,22,268,54,"56","2.51"
"Arrieta, Jake",453562,2017,31,"168.1",150,23,163,55,"66","3.53"
"Chacín, Jhoulys",468504,2017,29,"180.1",157,19,153,72,"78","3.89"
"Hellickson, Jeremy",476451,2017,30,"164.0",160,35,96,47,"99","5.43"
"Cashner, Andrew",488768,2017,30,"166.2",156,15,86,64,"63","3.40"
"Quintana, Jose",500779,2017,28,"188.2",170,23,207,61,"87","4.15"
"Archer, Chris",502042,2017,28,"201.0",193,27,249,60,"91","4.07"
"Moore, Matt",519043,2017,28,"174.1",200,27,148,67,"107","5.52"
"Nelson, Jimmy",519076,2017,28,"175.1",171,16,199,48,"68","3.49"
"Pomeranz, Drew",519141,2017,28,"173.2",166,19,174,68,"64","3.32"
"Porcello, Rick",519144,2017,28,"203.1",236,38,181,48,"105","4.65"
"Teheran, Julio",527054,2017,26,"188.1",186,31,151,72,"94","4.49"
"Gray, Sonny",543243,2017,27,"162.1",139,19,153,57,"64","3.55"
"Strasburg, Stephen",544931,2017,28,"175.1",131,13,204,47,"49","2.52"
"Bauer, Trevor",545333,2017,26,"176.1",181,25,196,60,"82","4.19"
"Ureña, José",570632,2017,25,"169.2",152,26,113,64,"72","3.82"
"Stroman, Marcus",573186,2017,26,"201.0",201,21,164,62,"69","3.09"
"Martinez, Carlos",593372,2017,25,"205.0",179,27,217,71,"83","3.64"
"deGrom, Jacob",594798,2017,29,"201.1",180,28,239,59,"79","3.53"
"Bundy, Dylan",605164,2017,24,"169.2",152,26,152,51,"80","4.24"
"Fulmer, Michael",605242,2017,24,"164.2",150,13,114,40,"70","3.83"
"Nola, Aaron",605400,2017,24,"168.0",154,18,184,49,"66","3.54"
"Perdomo, Luis",606131,2017,24,"163.2",182,17,118,65,"85","4.67"
"Blach, Ty",621389,2017,26,"163.2",179,17,73,43,"87","4.78"
"Severino, Luis",622663,2017,23,"193.1",150,21,230,51,"64","2.98"
"Greinke, Zack",425844,2018,34,"207.2",181,28,199,43,"74","3.21"
"Kluber, Corey",446372,2018,32,"215.0",179,25,222,34,"69","2.89"
"Shields, James",448306,2018,36,"204.2",190,34,154,78,"103","4.53"
"Morton, Charlie",450203,2018,34,"167.0",130,18,201,64,"58","3.13"
"Scherzer, Max",453286,2018,33,"220.2",150,23,300,51,"62","2.53"
"Arrieta, Jake",453562,2018,32,"172.2",165,21,138,57,"76","3.96"
"Happ, J.A.",457918,2018,35,"177.2",150,27,193,51,"72","3.65"
"Chacín, Jhoulys",468504,2018,30,"192.2",153,18,156,71,"75","3.50"
"Quintana, Jose",500779,2018,29,"174.1",162,25,158,68,"78","4.03"
"Holland, Derek",502706,2018,31,"171.1",154,19,169,67,"68","3.57"
"Porcello, Rick",519144,2018,29,"191.1",177,27,190,48,"91","4.28"
"Teheran, Julio",527054,2018,27,"175.2",122,26,162,84,"77","3.94"
"Anderson, Tyler",542881,2018,28,"176.0",165,30,164,58,"89","4.55"
"Odorizzi, Jake",543606,2018,28,"164.1",151,20,162,70,"82","4.49"
"Bauer, Trevor",545333,2018,27,"175.1",134,9,221,57,"43","2.21"
"Wheeler, Zack",554430,2018,28,"182.1",150,14,179,55,"67","3.31"
"Ureña, José",570632,2018,26,"174.0",155,19,130,51,"77","3.98"
"Boyd, Matthew",571510,2018,27,"170.1",146,27,159,51,"83","4.39"
"Heaney, Andrew",571760,2018,27,"180.0",171,27,180,45,"83","4.15"
"Keuchel, Dallas",572971,2018,30,"204.2",211,18,153,58,"85","3.74"
"Foltynewicz, Mike",592314,2018,26,"183.0",130,17,202,68,"58","2.85"
"Gray, Jon",592351,2018,26,"172.1",180,27,183,52,"98","5.12"
"Williams, Trevor",592866,2018,26,"170.2",146,15,126,55,"59","3.11"
"deGrom, Jacob",594798,2018,30,"217.0",152,10,269,46,"41","1.70"
"Gonzales, Marco",594835,2018,26,"166.2",172,17,145,32,"74","4.00"
"Junis, Jakob",596001,2018,25,"177.0",182,32,164,43,"86","4.37"
"Pivetta, Nick",601713,2018,25,"164.0",163,24,188,51,"87","4.77"
"Bundy, Dylan",605164,2018,25,"171.2",188,41,184,54,"104","5.45"
"Nola, Aaron",605400,2018,25,"212.1",149,17,224,58,"56","2.37"
"Snell, Blake",605483,2018,25,"180.2",112,16,221,64,"38","1.89"
"Castillo, Luis",622491,2018,25,"169.2",158,28,165,49,"81","4.30"
"Severino, Luis",622663,2018,24,"191.1",173,19,220,46,"72","3.39"
"López, Reynaldo",625643,2018,24,"188.2",165,25,151,75,"82","3.91"
"Wainwright, Adam",425794,2019,37,"171.2",181,22,153,64,"80","4.19"
"Greinke, Zack",425844,2019,35,"208.2",175,21,187,30,"68","2.93"
"Morton, Charlie",450203,2019,35,"194.2",154,15,240,57,"66","3.05"
"Scherzer, Max",453286,2019,34,"172.1",144,18,243,33,"56","2.92"
"Bailey, Homer",456701,2019,33,"163.1",162,21,149,53,"83","4.57"
"Anderson, Brett",474463,2019,31,"176.0",181,20,90,49,"76","3.89"
"Miley, Wade",489119,2019,32,"167.1",164,23,140,61,"74","3.98"
"Quintana, Jose",500779,2019,30,"171.0",191,20,152,46,"89","4.68"
"Minor, Mike",501985,2019,31,"208.1",190,30,200,68,"83","3.59"
"Porcello, Rick",519144,2019,30,"174.1",198,31,143,45,"107","5.52"
"Teheran, Julio",527054,2019,28,"174.2",148,22,162,83,"74","3.81"
"DeSclafani, Anthony",543101,2019,29,"166.2",151,29,167,49,"72","3.89"
"Gray, Sonny",543243,2019,29,"175.1",122,17,205,68,"56","2.87"
"Strasburg, Stephen",544931,2019,30,"209.0",161,24,251,56,"77","3.32"
"Bauer, Trevor",545333,2019,28,"213.0",184,34,253,82,"106","4.48"
"Wheeler, Zack",554430,2019,29,"195.1",196,22,195,50,"86","3.96"
"Boyd, Matthew",571510,2019,28,"185.1",178,39,238,50,"94","4.56"
"Stroman, Marcus",573186,2019,28,"184.1",183,18,159,58,"66","3.22"
"Syndergaard, Noah",592789,2019,26,"197.2",194,24,202,49,"94","4.28"
"Rodriguez, Eduardo",593958,2019,26,"203.1",195,24,213,75,"86","3.81"
"deGrom, Jacob",594798,2019,31,"204.0",154,19,255,44,"55","2.43"
"Gonzales, Marco",594835,2019,27,"203.0",210,23,147,56,"90","3.99"
"Junis, Jakob",596001,2019,26,"175.1",192,31,164,58,"102","5.24"
"Musgrove, Joe",605397,2019,26,"170.1",168,21,157,39,"84","4.44"
"Nola, Aaron",605400,2019,26,"202.1",176,27,229,80,"87","3.87"
"Fried, Max",608331,2019,25,"165.2",174,21,173,47,"74","4.02"
"Buehler, Walker",621111,2019,24,"182.1",153,20,215,37,"66","3.26"
"Castillo, Luis",622491,2019,26,"190.2",139,22,226,78,"72","3.40"
"López, Reynaldo",625643,2019,25,"184.0",203,35,169,65,"110","5.38"
"Keller, Brad",641745,2019,23,"165.1",154,15,122,70,"77","4.19"
"Lucchesi, Joey",664192,2019,26,"163.2",144,23,158,56,"76","4.18"
"Bieber, Shane",669456,2019,24,"214.1",186,31,259,40,"78","3.28"
"Wainwright, Adam",425794,2020,38,"65.2",54,9,54,15,"23","3.15"
"Greinke, Zack",425844,2020,36,"67.0",67,6,67,9,"30","4.03"
"Scherzer, Max",453286,2020,35,"67.1",70,10,92,23,"28","3.74"
"Cueto, Johnny",456501,2020,34,"63.1",61,9,56,26,"38","5.40"
"Bauer, Trevor",545333,2020,29,"73.0",41,9,100,17,"14","1.73"
"Wheeler, Zack",554430,2020,30,"71.0",67,3,53,16,"23","2.92"
"Boyd, Matthew",571510,2020,29,"60.1",67,15,60,22,"45","6.71"
"Heaney, Andrew",571760,2020,29,"66.2",63,9,70,19,"33","4.46"
"Keuchel, Dallas",572971,2020,32,"63.1",52,2,42,17,"14","1.99"
"deGrom, Jacob",594798,2020,32,"68.0",47,7,104,18,"18","2.38"
"Gonzales, Marco",594835,2020,28,"69.2",59,8,64,7,"24","3.10"
"Bassitt, Chris",605135,2020,31,"63.0",56,6,55,17,"16","2.29"
"Bundy, Dylan",605164,2020,27,"65.2",51,5,72,17,"24","3.29"
"Nola, Aaron",605400,2020,27,"71.1",54,9,96,23,"26","3.28"
"Woodruff, Brandon",605540,2020,27,"73.2",55,9,91,18,"25","3.05"
"Mills, Alec",621219,2020,28,"62.1",53,13,46,19,"31","4.48"
"Castillo, Luis",622491,2020,27,"70.0",62,5,89,24,"25","3.21"
"Senzatela, Antonio",622608,2020,25,"73.1",71,9,41,18,"28","3.44"
"Maeda, Kenta",628317,2020,32,"66.2",40,9,80,10,"20","2.70"
"Civale, Aaron",650644,2020,25,"74.0",82,11,69,16,"39","4.74"
"Singer, Brady",663903,2020,23,"64.1",52,8,61,23,"29","4.06"
"Gallen, Zac",668678,2020,24,"72.0",55,9,82,25,"22","2.75"
"Bieber, Shane",669456,2020,25,"77.1",46,7,122,21,"14","1.63"
"Wainwright, Adam",425794,2021,39,"206.1",168,21,174,50,"70","3.05"
"Greinke, Zack",425844,2021,37,"171.0",164,30,120,36,"79","4.16"
"Morton, Charlie",450203,2021,37,"185.2",136,16,216,58,"69","3.34"
"Scherzer, Max",453286,2021,36,"179.1",119,23,236,36,"49","2.46"
"Miley, Wade",489119,2021,34,"163.0",166,17,125,50,"61","3.37"
"Anderson, Tyler",542881,2021,31,"167.0",170,27,134,38,"84","4.53"
"DeSclafani, Anthony",543101,2021,31,"167.2",141,19,152,42,"59","3.17"
"Wheeler, Zack",554430,2021,31,"213.1",169,16,247,46,"66","2.78"
"Keuchel, Dallas",572971,2021,33,"162.0",189,25,95,59,"95","5.28"
"Stroman, Marcus",573186,2021,30,"179.0",161,17,158,43,"60","3.02"
"Musgrove, Joe",605397,2021,28,"181.1",142,22,203,54,"64","3.18"
"Nola, Aaron",605400,2021,28,"180.2",165,26,223,39,"93","4.63"
"Woodruff, Brandon",605540,2021,28,"179.1",130,18,211,43,"51","2.56"
"Fried, Max",608331,2021,27,"165.2",139,15,158,41,"56","3.04"
"Irvin, Cole",608344,2021,27,"178.1",195,23,125,42,"84","4.24"
"Buehler, Walker",621111,2021,26,"207.2",149,19,212,52,"57","2.47"
"Castillo, Luis",622491,2021,28,"187.2",181,19,192,75,"83","3.98"
"Manaea, Sean",640455,2021,29,"179.1",179,25,194,41,"78","3.91"
"Cease, Dylan",656302,2021,25,"165.2",139,20,226,68,"72","3.91"
"Burnes, Corbin",669203,2021,26,"167.0",123,7,234,34,"45","2.43"
"Wainwright, Adam",425794,2022,40,"191.2",192,16,143,54,"79","3.71"
"Kluber, Corey",446372,2022,36,"164.0",178,20,139,21,"79","4.34"
"Morton, Charlie",450203,2022,38,"172.0",149,28,205,63,"83","4.34"
"Quintana, Jose",500779,2022,33,"165.2",154,8,137,47,"54","2.93"
"Anderson, Tyler",542881,2022,32,"178.2",145,14,138,34,"51","2.57"
"Gonzales, Marco",594835,2022,30,"183.0",194,30,103,50,"84","4.13"
"Pivetta, Nick",601713,2022,29,"179.2",175,27,175,73,"91","4.56"
"Bassitt, Chris",605135,2022,33,"181.2",159,19,167,49,"69","3.42"
"Musgrove, Joe",605397,2022,29,"181.0",154,22,184,42,"59","2.93"
"Nola, Aaron",605400,2022,29,"205.0",168,19,235,29,"74","3.25"
"Rodón, Carlos",607074,2022,29,"178.0",131,12,237,52,"57","2.88"
"Fried, Max",608331,2022,28,"185.1",156,12,170,32,"51","2.48"
"Irvin, Cole",608344,2022,28,"181.0",174,25,128,36,"80","3.98"
"Quantrill, Cal",615698,2022,27,"186.1",178,21,128,47,"70","3.38"
"Cease, Dylan",656302,2022,26,"184.0",126,16,227,78,"45","2.20"
"Montgomery, Jordan",656756,2022,29,"178.1",159,21,158,36,"69","3.48"
"Webb, Logan",657277,2022,25,"192.1",174,11,163,49,"62","2.90"
"Ohtani, Shohei",660271,2022,27,"166.0",124,14,219,44,"43","2.33"
"Urquidy, José",664353,2022,27,"164.1",154,29,134,38,"72","3.94"
"Gallen, Zac",668678,2022,26,"184.0",121,15,192,47,"52","2.54"
"Burnes, Corbin",669203,2022,27,"202.0",144,23,243,51,"66","2.94"
"Gilbert, Logan",669302,2022,25,"185.2",170,19,174,49,"66","3.20"
"Bieber, Shane",669456,2022,27,"200.0",172,18,198,36,"64","2.88"
"Morton, Charlie",450203,2023,39,"163.1",150,14,183,83,"66","3.64"
"Gray, Sonny",543243,2023,33,"184.0",156,8,183,55,"57","2.79"
"Wheeler, Zack",554430,2023,33,"192.0",168,20,212,39,"77","3.61"
"Bassitt, Chris",605135,2023,34,"200.0",176,28,186,59,"80","3.60"
"Nola, Aaron",605400,2023,30,"193.2",178,32,202,45,"96","4.46"
"Snell, Blake",605483,2023,30,"180.0",115,15,234,99,"45","2.25"
"Castillo, Luis",622491,2023,30,"197.0",160,28,219,56,"73","3.34"
"Cease, Dylan",656302,2023,27,"177.0",172,19,214,79,"90","4.58"
"Montgomery, Jordan",656756,2023,30,"188.2",177,18,166,48,"67","3.20"
"Webb, Logan",657277,2023,26,"216.0",201,20,194,31,"78","3.25"
"Javier, Cristian",664299,2023,26,"162.0",143,25,159,62,"82","4.56"
"Luzardo, Jesús",666200,2023,25,"178.2",162,22,208,55,"71","3.58"
"Gallen, Zac",668678,2023,27,"210.0",188,22,220,47,"81","3.47"
"Burnes, Corbin",669203,2023,28,"193.2",141,22,200,66,"73","3.39"
"Gilbert, Logan",669302,2023,26,"190.2",169,29,189,36,"79","3.73"
"Kirby, George",669923,2023,25,"190.2",179,22,172,19,"71","3.35"
"Oviedo, Johan",670912,2023,25,"177.2",161,19,158,83,"85","4.31"
"Senga, Kodai",673540,2023,30,"166.1",126,17,202,77,"55","2.98"
"Strider, Spencer",675911,2023,24,"186.2",146,22,281,58,"80","3.86"
"Sears, JP",676664,2023,27,"172.1",165,34,161,53,"87","4.54"
"Morton, Charlie",450203,2024,40,"165.1",154,23,167,65,"77","4.19"
"Quintana, Jose",500779,2024,35,"170.1",150,22,135,63,"71","3.75"
"Anderson, Tyler",542881,2024,34,"179.1",158,24,142,73,"76","3.81"
"Gray, Sonny",543243,2024,34,"166.1",142,21,203,39,"71","3.84"
"Wheeler, Zack",554430,2024,34,"200.0",139,20,224,52,"57","2.57"
"Bassitt, Chris",605135,2024,35,"171.0",180,18,168,70,"79","4.16"
"Nola, Aaron",605400,2024,31,"199.1",189,30,197,50,"79","3.57"
"Rodón, Carlos",607074,2024,31,"175.0",157,31,195,57,"77","3.96"
"Fedde, Erick",607200,2024,31,"177.1",154,20,154,52,"65","3.30"
"Lugo, Seth",607625,2024,34,"206.2",177,16,181,48,"69","3.00"
"Fried, Max",608331,2024,30,"174.1",146,13,166,57,"63","3.25"
"Castillo, Luis",622491,2024,31,"175.1",158,25,175,47,"71","3.64"
"Severino, Luis",622663,2024,30,"182.0",166,23,161,60,"79","3.91"
"Manaea, Sean",640455,2024,32,"181.2",134,21,184,63,"70","3.47"
"Cortes, Nestor",641482,2024,29,"174.1",162,24,162,39,"73","3.77"
"Canning, Griffin",656288,2024,28,"171.2",174,31,130,66,"99","5.19"
"Cease, Dylan",656302,2024,28,"189.1",137,18,224,65,"73","3.47"
"Webb, Logan",657277,2024,27,"204.2",202,11,172,50,"79","3.47"
"Singer, Brady",663903,2024,27,"179.2",175,22,170,54,"74","3.71"
"Ragans, Cole",666142,2024,26,"186.1",146,15,223,67,"65","3.14"
"Burnes, Corbin",669203,2024,29,"194.1",165,22,181,48,"63","2.92"
"Gilbert, Logan",669302,2024,27,"208.2",148,26,220,37,"75","3.23"
"Kirby, George",669923,2024,26,"191.0",181,22,179,23,"75","3.53"
"Bibee, Tanner",676440,2024,25,"173.2",150,22,187,44,"67","3.47"
"Sears, JP",676664,2024,28,"180.2",172,28,137,49,"88","4.38"
"Brown, Hunter",686613,2024,25,"170.0",156,18,179,60,"66","3.49"
"Pfaadt, Brandon",694297,2024,25,"181.2",183,24,185,42,"95","4.71"
"Gray, Sonny",543243,2025,35,"180.2",185,25,201,38,"86","4.28"
"Boyd, Matthew",571510,2025,34,"179.2",154,19,154,42,"64","3.21"
"deGrom, Jacob",594798,2025,37,"172.2",122,26,185,37,"57","2.97"
"Pivetta, Nick",601713,2025,32,"181.2",129,22,190,50,"58","2.87"
"Bassitt, Chris",605135,2025,36,"170.1",174,22,166,52,"75","3.96"
"Holmes, Clay",605280,2025,32,"165.2",150,14,129,66,"65","3.53"
"Rodón, Carlos",607074,2025,32,"195.1",132,22,203,73,"67","3.09"
"Fried, Max",608331,2025,31,"195.1",164,14,189,51,"62","2.86"
"Castillo, Luis",622491,2025,32,"180.2",168,23,162,46,"71","3.54"
"Severino, Luis",622663,2025,31,"162.2",162,16,124,50,"82","4.54"
"Cease, Dylan",656302,2025,29,"168.0",152,21,215,71,"85","4.55"
"Webb, Logan",657277,2025,28,"207.0",210,14,224,46,"74","3.22"
"Singer, Brady",663903,2025,28,"169.2",150,19,163,60,"76","4.03"
"Luzardo, Jesús",666200,2025,27,"183.2",167,16,216,57,"80","3.92"
"Gallen, Zac",668678,2025,29,"192.0",176,31,175,66,"103","4.83"
"Bibee, Tanner",676440,2025,26,"182.1",170,27,162,54,"86","4.24"
"Crochet, Garrett",676979,2025,26,"205.1",165,24,255,46,"59","2.59"
"Parker, Mitchell",680730,2025,25,"164.2",178,25,103,58,"104","5.68"
"Brown, Hunter",686613,2025,26,"185.1",133,17,206,57,"50","2.43"
"Pepiot, Ryan",686752,2025,27,"167.2",134,26,167,61,"72","3.86"
"Woo, Bryan",693433,2025,25,"186.2",137,26,198,36,"61","2.94"
"Pfaadt, Brandon",694297,2025,26,"176.2",198,26,147,37,"103","5.25"