ip,timestamp,method,status_code,size
192.168.1.138,2024-11-30 9:26,OPTIONS,301,541
192.168.1.130,2024-11-30 12:00,OPTIONS,200,5239
192.168.1.75,2024-12-01 0:22,POST,200,5778
192.168.1.176,2024-11-30 19:33,DELETE,200,3911
10.0.0.113,2024-11-30 5:37,GET,200,7765
10.0.0.97,2024-11-30 10:02,GET,201,8457
10.0.0.159,2024-11-30 6:13,GET,503,3660
192.168.1.145,2024-11-30 11:53,DELETE,404,2102
10.0.0.128,2024-12-01 0:24,PUT,201,2384
192.168.1.3,2024-11-30 4:37,PUT,200,9041
10.0.0.182,2024-11-30 10:22,DELETE,200,7635
192.168.1.72,2024-11-30 21:28,PUT,500,16384
10.0.0.171,2024-11-30 22:22,OPTIONS,200,8475
192.168.1.96,2024-12-01 1:16,GET,200,8070
10.0.0.221,2024-11-30 5:23,DELETE,200,11116
192.168.1.75,2024-11-30 16:56,PUT,403,844
192.168.1.234,2024-11-30 6:29,GET,200,18361
192.168.1.145,2024-11-30 3:01,GET,201,3503
192.168.1.211,2024-12-01 0:26,POST,200,8018
192.168.1.7,2024-11-30 2:24,OPTIONS,200,856
192.168.1.225,2024-11-30 20:49,OPTIONS,403,14204
192.168.1.209,2024-11-30 20:42,POST,201,9052
10.0.0.245,2024-11-30 5:18,PUT,404,5980
10.0.0.156,2024-11-30 23:00,DELETE,404,7874
192.168.1.169,2024-11-30 9:48,DELETE,200,8700
192.168.1.193,2024-11-30 21:24,DELETE,200,9863
10.0.0.184,2024-11-30 8:00,POST,404,3975
10.0.0.167,2024-11-30 9:04,GET,200,1469
192.168.1.130,2024-11-30 23:34,PUT,200,7291
192.168.1.112,2024-12-01 0:20,OPTIONS,200,4729
10.0.0.141,2024-11-30 22:14,POST,200,5442
10.0.0.208,2024-12-01 0:53,PUT,200,7077
10.0.0.154,2024-11-30 6:05,PUT,301,1584
192.168.1.201,2024-11-30 5:34,GET,301,8001
192.168.1.235,2024-11-30 14:38,POST,500,4796
10.0.0.57,2024-11-30 17:52,GET,403,3735
10.0.0.73,2024-11-30 17:00,GET,301,6801
10.0.0.175,2024-11-30 20:34,PUT,200,7043
10.0.0.160,2024-11-30 16:50,OPTIONS,500,5434
192.168.1.80,2024-11-30 18:01,OPTIONS,500,613
10.0.0.239,2024-11-30 13:45,DELETE,404,5990
192.168.1.198,2024-11-30 9:21,PUT,404,5296
192.168.1.87,2024-11-30 3:47,DELETE,200,6004
10.0.0.196,2024-11-30 2:40,GET,200,6860
192.168.1.45,2024-11-30 23:15,OPTIONS,200,7863
192.168.1.47,2024-11-30 17:01,PUT,200,577
10.0.0.160,2024-11-30 18:10,OPTIONS,200,8795
10.0.0.211,2024-11-30 15:51,POST,200,6845
10.0.0.252,2024-12-01 0:27,GET,301,5163
10.0.0.80,2024-11-30 5:39,GET,200,3364
192.168.1.180,2024-11-30 9:15,POST,200,7403
10.0.0.143,2024-11-30 20:47,DELETE,200,6132
192.168.1.118,2024-11-30 15:21,DELETE,301,2725
192.168.1.82,2024-12-01 1:21,POST,200,5372
10.0.0.47,2024-11-30 11:14,DELETE,201,4991
10.0.0.74,2024-11-30 4:20,POST,200,10579
192.168.1.96,2024-11-30 20:17,OPTIONS,200,2368
192.168.1.171,2024-11-30 21:11,DELETE,301,6290
10.0.0.90,2024-11-30 1:49,OPTIONS,200,5916
192.168.1.186,2024-11-30 14:44,PUT,503,5382
10.0.0.34,2024-11-30 8:04,GET,200,9254
192.168.1.6,2024-11-30 14:45,PUT,200,3422
192.168.1.146,2024-12-01 0:53,PUT,200,1842
192.168.1.99,2024-11-30 13:45,PUT,404,12371
10.0.0.212,2024-11-30 1:51,POST,200,6870
10.0.0.69,2024-11-30 3:27,POST,201,1378
10.0.0.231,2024-11-30 4:23,POST,403,7214
10.0.0.237,2024-11-30 20:04,DELETE,200,16090
10.0.0.144,2024-11-30 10:08,POST,200,7461
10.0.0.56,2024-11-30 5:50,DELETE,200,6581
10.0.0.100,2024-11-30 22:15,POST,503,6284
192.168.1.195,2024-11-30 21:39,POST,301,6244
10.0.0.239,2024-11-30 17:16,GET,200,4177
192.168.1.168,2024-12-01 0:42,OPTIONS,200,3920
10.0.0.152,2024-11-30 17:11,PUT,200,3889
192.168.1.131,2024-11-30 6:16,GET,404,536
192.168.1.65,2024-11-30 9:36,OPTIONS,201,5094
192.168.1.110,2024-12-01 0:12,OPTIONS,200,5891
10.0.0.19,2024-12-01 1:10,OPTIONS,200,363
10.0.0.141,2024-11-30 3:10,POST,200,4669
10.0.0.98,2024-11-30 11:49,PUT,200,8489
192.168.1.187,2024-11-30 21:26,DELETE,404,2127
10.0.0.121,2024-11-30 11:43,DELETE,301,5193
192.168.1.123,2024-11-30 19:43,POST,200,8464
192.168.1.214,2024-11-30 14:29,DELETE,503,1320
10.0.0.108,2024-12-01 0:44,DELETE,200,3084
192.168.1.145,2024-11-30 22:13,PUT,404,1809
192.168.1.248,2024-11-30 10:16,GET,200,8540
10.0.0.82,2024-11-30 22:57,GET,503,6958
192.168.1.151,2024-11-30 5:01,DELETE,200,11080
192.168.1.184,2024-11-30 12:28,GET,403,6348
10.0.0.105,2024-11-30 2:37,POST,200,426
10.0.0.90,2024-11-30 5:34,OPTIONS,200,744
10.0.0.53,2024-11-30 15:38,OPTIONS,200,7594
10.0.0.107,2024-11-30 17:26,GET,403,6994
10.0.0.136,2024-11-30 7:43,PUT,200,1327
10.0.0.64,2024-11-30 2:23,OPTIONS,201,6647
192.168.1.114,2024-11-30 8:57,GET,404,2365
192.168.1.220,2024-11-30 5:07,DELETE,201,604
10.0.0.171,2024-11-30 12:29,PUT,200,1067
10.0.0.27,2024-11-30 23:23,OPTIONS,200,6648
192.168.1.22,2024-11-30 6:23,PUT,200,2317
10.0.0.178,2024-11-30 5:26,DELETE,403,3156
192.168.1.160,2024-11-30 22:46,PUT,403,3801
192.168.1.9,2024-11-30 12:11,OPTIONS,200,3055
10.0.0.170,2024-11-30 13:23,POST,201,4797
10.0.0.132,2024-11-30 5:48,OPTIONS,201,958
10.0.0.171,2024-11-30 10:26,DELETE,201,2455
192.168.1.165,2024-11-30 18:22,POST,404,9218
10.0.0.209,2024-11-30 3:31,PUT,404,2975
192.168.1.184,2024-11-30 4:11,PUT,301,2336
10.0.0.220,2024-11-30 20:57,GET,404,1786
192.168.1.122,2024-11-30 9:54,POST,200,9028
192.168.1.119,2024-11-30 2:41,GET,503,3414
10.0.0.162,2024-11-30 14:41,OPTIONS,200,6838
192.168.1.15,2024-11-30 12:32,POST,500,3385
192.168.1.115,2024-11-30 13:40,DELETE,301,4087
192.168.1.24,2024-11-30 4:07,GET,200,9014
10.0.0.194,2024-12-01 0:27,POST,200,6973
10.0.0.152,2024-11-30 6:08,PUT,404,1620
10.0.0.112,2024-11-30 23:25,POST,201,5999
192.168.1.86,2024-11-30 2:07,OPTIONS,403,5092
192.168.1.115,2024-11-30 18:27,GET,200,7118
192.168.1.215,2024-11-30 13:45,OPTIONS,500,4969
192.168.1.194,2024-11-30 17:36,OPTIONS,200,4867
10.0.0.175,2024-11-30 11:12,POST,500,3714
192.168.1.24,2024-11-30 18:11,POST,200,6356
10.0.0.255,2024-11-30 22:14,DELETE,200,5391
192.168.1.219,2024-11-30 22:07,POST,201,8479
192.168.1.196,2024-11-30 21:42,OPTIONS,301,367
192.168.1.255,2024-11-30 12:13,DELETE,404,3455
192.168.1.151,2024-11-30 11:02,GET,200,8254
192.168.1.239,2024-11-30 2:42,OPTIONS,200,6908
10.0.0.63,2024-12-01 0:44,OPTIONS,200,4287
192.168.1.63,2024-11-30 10:52,PUT,500,4363
10.0.0.158,2024-12-01 0:27,PUT,200,9919
192.168.1.169,2024-11-30 23:30,PUT,200,1210
192.168.1.54,2024-11-30 18:05,PUT,404,1085
192.168.1.78,2024-11-30 4:49,GET,500,9682
192.168.1.7,2024-11-30 12:05,OPTIONS,200,2192
192.168.1.183,2024-11-30 4:04,PUT,200,5779
10.0.0.99,2024-11-30 5:11,DELETE,200,2076
192.168.1.250,2024-11-30 15:15,PUT,200,381
192.168.1.217,2024-11-30 23:32,OPTIONS,200,2630
192.168.1.238,2024-11-30 10:17,POST,200,8864
10.0.0.189,2024-12-01 0:57,GET,200,4189
10.0.0.149,2024-12-01 0:50,DELETE,201,2652
10.0.0.182,2024-11-30 19:10,DELETE,200,10236
192.168.1.216,2024-11-30 12:59,GET,200,9067
192.168.1.197,2024-11-30 20:22,PUT,500,7977
192.168.1.240,2024-11-30 10:07,OPTIONS,500,11823
192.168.1.8,2024-11-30 15:23,DELETE,201,6680
192.168.1.22,2024-11-30 10:24,DELETE,301,8503
10.0.0.120,2024-12-01 0:11,POST,200,5318
192.168.1.219,2024-11-30 6:28,OPTIONS,404,9890
192.168.1.232,2024-11-30 3:32,DELETE,404,9715
10.0.0.48,2024-11-30 11:10,PUT,301,481
10.0.0.233,2024-11-30 17:16,PUT,200,13712
192.168.1.203,2024-11-30 21:37,DELETE,200,3608
192.168.1.180,2024-11-30 2:17,PUT,200,5992
192.168.1.1,2024-11-30 14:59,DELETE,403,9592
192.168.1.179,2024-11-30 8:55,PUT,200,3451
192.168.1.127,2024-11-30 6:11,DELETE,301,5517
192.168.1.130,2024-11-30 5:53,GET,200,432
10.0.0.10,2024-11-30 17:07,OPTIONS,200,7329
10.0.0.130,2024-11-30 22:41,OPTIONS,301,5494
10.0.0.112,2024-11-30 13:15,POST,200,4619
10.0.0.72,2024-11-30 15:14,OPTIONS,200,3380
10.0.0.41,2024-11-30 13:00,GET,200,1034
192.168.1.95,2024-11-30 5:47,DELETE,200,2833
192.168.1.208,2024-11-30 18:09,GET,403,6227
192.168.1.120,2024-11-30 21:19,OPTIONS,403,6987
10.0.0.20,2024-11-30 6:38,OPTIONS,200,6224
192.168.1.84,2024-11-30 21:35,OPTIONS,200,7736
192.168.1.15,2024-11-30 3:53,DELETE,200,3714
10.0.0.51,2024-11-30 8:31,GET,200,9083
192.168.1.53,2024-11-30 19:03,POST,404,269
192.168.1.28,2024-11-30 3:01,PUT,200,3186
192.168.1.178,2024-11-30 10:18,POST,201,11317
10.0.0.85,2024-11-30 5:07,POST,301,9421
192.168.1.14,2024-11-30 8:04,DELETE,200,5835
10.0.0.63,2024-12-01 1:10,POST,200,272
192.168.1.208,2024-11-30 3:53,POST,404,9858
10.0.0.47,2024-11-30 9:57,POST,200,7361
192.168.1.197,2024-11-30 15:07,POST,403,9968
10.0.0.98,2024-11-30 15:56,DELETE,200,751
10.0.0.63,2024-11-30 22:31,GET,200,5831
10.0.0.139,2024-11-30 5:58,OPTIONS,200,2269
10.0.0.37,2024-11-30 14:55,DELETE,404,4056
192.168.1.213,2024-11-30 19:13,DELETE,301,5750
192.168.1.111,2024-11-30 15:12,GET,201,9769
10.0.0.30,2024-11-30 5:19,PUT,404,6304
192.168.1.189,2024-11-30 5:29,PUT,301,3825
192.168.1.66,2024-11-30 10:44,POST,201,6148
10.0.0.137,2024-11-30 23:32,OPTIONS,200,7671
10.0.0.218,2024-11-30 12:36,DELETE,403,3261
10.0.0.137,2024-11-30 8:52,DELETE,200,4346
192.168.1.60,2024-11-30 21:53,GET,301,7278
10.0.0.253,2024-11-30 13:02,POST,403,9620
192.168.1.160,2024-11-30 19:09,GET,200,9225
10.0.0.16,2024-11-30 22:55,PUT,200,16680
192.168.1.116,2024-12-01 1:15,PUT,201,513
192.168.1.245,2024-11-30 10:08,POST,200,7489
10.0.0.94,2024-12-01 0:09,GET,200,132
10.0.0.86,2024-11-30 8:57,DELETE,200,2133
10.0.0.37,2024-11-30 12:29,OPTIONS,200,609
10.0.0.14,2024-11-30 13:59,OPTIONS,201,2865
192.168.1.21,2024-11-30 22:13,OPTIONS,200,8016
192.168.1.36,2024-11-30 9:47,OPTIONS,301,680
192.168.1.231,2024-11-30 10:50,PUT,200,6013
192.168.1.219,2024-11-30 20:09,DELETE,200,5200
10.0.0.229,2024-11-30 20:07,GET,200,5430
192.168.1.152,2024-11-30 5:50,DELETE,200,3711
192.168.1.163,2024-11-30 3:45,OPTIONS,200,9175
10.0.0.216,2024-11-30 21:53,OPTIONS,200,1718
10.0.0.34,2024-11-30 23:23,OPTIONS,301,2004
10.0.0.112,2024-11-30 16:21,POST,503,833
10.0.0.81,2024-11-30 18:12,POST,503,6461
10.0.0.63,2024-12-01 0:59,POST,201,1656
192.168.1.38,2024-11-30 2:39,GET,403,2911
192.168.1.72,2024-11-30 23:57,OPTIONS,500,5601
10.0.0.33,2024-11-30 9:42,OPTIONS,201,8058
192.168.1.97,2024-11-30 15:48,OPTIONS,200,3371
10.0.0.158,2024-11-30 19:10,GET,403,7524
192.168.1.219,2024-11-30 22:52,POST,201,5345
10.0.0.176,2024-11-30 17:18,POST,200,5687
192.168.1.170,2024-11-30 13:11,PUT,201,1688
192.168.1.40,2024-11-30 8:29,GET,403,4142
192.168.1.100,2024-11-30 13:35,POST,200,2941
10.0.0.169,2024-11-30 1:50,GET,301,5737
192.168.1.173,2024-11-30 8:25,PUT,200,4131
192.168.1.41,2024-11-30 8:34,GET,200,2364
192.168.1.72,2024-11-30 4:59,PUT,500,9759
192.168.1.3,2024-11-30 10:58,OPTIONS,200,9141
192.168.1.106,2024-11-30 22:21,PUT,403,6930
192.168.1.83,2024-11-30 16:55,POST,404,5680
192.168.1.159,2024-11-30 16:24,PUT,403,6808
192.168.1.145,2024-11-30 5:50,POST,301,3122
10.0.0.236,2024-11-30 13:28,POST,200,1535
10.0.0.69,2024-11-30 12:01,DELETE,403,2949
192.168.1.134,2024-11-30 4:13,OPTIONS,200,4619
192.168.1.138,2024-11-30 10:16,GET,200,3049
10.0.0.153,2024-11-30 3:36,DELETE,200,6279
192.168.1.98,2024-11-30 19:51,OPTIONS,200,3383
192.168.1.28,2024-12-01 1:02,POST,200,17558
192.168.1.248,2024-11-30 2:23,PUT,200,1113
10.0.0.83,2024-11-30 14:20,POST,200,9388
10.0.0.247,2024-11-30 21:15,PUT,403,6056
192.168.1.180,2024-11-30 11:14,OPTIONS,404,1762
192.168.1.4,2024-11-30 18:54,POST,404,2425
192.168.1.7,2024-11-30 17:50,OPTIONS,403,5052
10.0.0.167,2024-11-30 4:22,PUT,200,7508
192.168.1.212,2024-11-30 14:32,OPTIONS,403,1823
192.168.1.142,2024-11-30 20:21,GET,301,2061
192.168.1.252,2024-11-30 16:06,DELETE,200,8516
192.168.1.145,2024-11-30 13:52,OPTIONS,301,7382
10.0.0.243,2024-11-30 2:21,DELETE,200,878
192.168.1.173,2024-11-30 21:15,PUT,201,8104
192.168.1.77,2024-11-30 12:24,GET,301,5396
192.168.1.199,2024-11-30 8:25,OPTIONS,200,2221
192.168.1.202,2024-11-30 22:32,PUT,200,6780
192.168.1.145,2024-12-01 1:31,PUT,404,2324
10.0.0.84,2024-11-30 3:08,PUT,201,4920
10.0.0.88,2024-11-30 23:00,DELETE,200,2178
192.168.1.215,2024-11-30 23:02,POST,200,8275
192.168.1.188,2024-11-30 20:45,PUT,200,878
192.168.1.68,2024-11-30 6:27,POST,200,2410
10.0.0.5,2024-11-30 23:16,POST,201,5551
192.168.1.148,2024-11-30 4:22,OPTIONS,200,3279
192.168.1.163,2024-12-01 0:52,PUT,404,7143
10.0.0.46,2024-11-30 8:09,DELETE,200,8446
10.0.0.137,2024-12-01 0:03,OPTIONS,200,3886
192.168.1.49,2024-11-30 4:16,GET,200,4017
10.0.0.240,2024-11-30 10:53,POST,200,8527
10.0.0.125,2024-11-30 11:31,DELETE,200,469
10.0.0.100,2024-11-30 4:26,GET,403,3119
10.0.0.46,2024-11-30 4:00,GET,404,5739
192.168.1.119,2024-11-30 22:43,POST,200,6184
10.0.0.123,2024-11-30 12:28,POST,200,2596
192.168.1.128,2024-11-30 21:39,PUT,200,3004
10.0.0.134,2024-11-30 11:24,GET,200,1108
10.0.0.139,2024-11-30 15:39,POST,301,16707
10.0.0.106,2024-11-30 17:22,OPTIONS,500,1298
10.0.0.240,2024-11-30 17:25,GET,200,5350
192.168.1.190,2024-11-30 19:46,PUT,200,9686
10.0.0.58,2024-11-30 20:26,GET,500,4025
192.168.1.39,2024-11-30 5:10,GET,200,4129
10.0.0.208,2024-11-30 7:13,GET,200,9858
192.168.1.103,2024-11-30 3:53,GET,403,1754
10.0.0.111,2024-11-30 21:01,DELETE,200,6266
192.168.1.186,2024-11-30 7:48,OPTIONS,201,5511
192.168.1.59,2024-11-30 14:32,PUT,301,6017
192.168.1.89,2024-11-30 18:30,PUT,201,2239
10.0.0.157,2024-11-30 2:40,DELETE,200,4993
10.0.0.243,2024-11-30 3:22,GET,500,4966
10.0.0.141,2024-11-30 22:34,OPTIONS,200,276
192.168.1.220,2024-11-30 1:58,DELETE,301,9238
192.168.1.6,2024-11-30 17:24,OPTIONS,200,3102
10.0.0.118,2024-11-30 10:29,OPTIONS,200,1515
10.0.0.29,2024-11-30 5:44,PUT,403,3639
10.0.0.8,2024-11-30 20:03,PUT,404,3748
10.0.0.217,2024-11-30 20:34,GET,200,7474
10.0.0.81,2024-11-30 2:59,GET,200,7565
10.0.0.170,2024-11-30 4:50,POST,403,6840
192.168.1.43,2024-11-30 23:28,POST,404,7979
10.0.0.99,2024-11-30 6:29,GET,503,6959
10.0.0.156,2024-11-30 4:44,DELETE,200,19352
192.168.1.235,2024-11-30 19:48,GET,200,6443
192.168.1.96,2024-11-30 3:18,POST,200,2553
10.0.0.245,2024-11-30 3:03,PUT,200,6141
10.0.0.246,2024-11-30 9:22,GET,200,2650
10.0.0.58,2024-11-30 15:50,OPTIONS,200,3817
192.168.1.63,2024-11-30 23:17,DELETE,200,4889
192.168.1.171,2024-12-01 0:37,GET,201,8110
10.0.0.70,2024-11-30 14:19,POST,500,5599
192.168.1.125,2024-11-30 8:48,POST,301,6053
10.0.0.146,2024-11-30 5:25,OPTIONS,200,5967
192.168.1.237,2024-11-30 7:36,PUT,200,9990
10.0.0.78,2024-11-30 17:08,PUT,200,9074
192.168.1.10,2024-11-30 4:56,OPTIONS,200,7618
10.0.0.188,2024-11-30 15:47,DELETE,403,9331
10.0.0.230,2024-11-30 15:13,PUT,200,664
10.0.0.102,2024-11-30 10:21,POST,404,9041
192.168.1.92,2024-11-30 17:22,POST,200,3923
10.0.0.198,2024-11-30 16:44,OPTIONS,200,5344
192.168.1.94,2024-11-30 11:37,DELETE,201,4897
192.168.1.36,2024-11-30 6:26,DELETE,503,8270
10.0.0.248,2024-11-30 17:04,PUT,503,15651
10.0.0.221,2024-11-30 22:06,OPTIONS,301,9074
192.168.1.254,2024-11-30 15:32,PUT,301,15269
10.0.0.134,2024-11-30 8:32,DELETE,403,8755
10.0.0.157,2024-11-30 21:01,GET,404,2357
10.0.0.175,2024-11-30 3:17,OPTIONS,200,17225
10.0.0.166,2024-11-30 11:07,POST,404,120
10.0.0.88,2024-11-30 8:12,OPTIONS,200,18309
192.168.1.211,2024-11-30 10:03,DELETE,201,2427
10.0.0.17,2024-11-30 16:37,DELETE,200,1365
192.168.1.223,2024-11-30 15:55,PUT,200,4292
192.168.1.32,2024-12-01 0:32,PUT,200,262
10.0.0.37,2024-11-30 8:12,PUT,301,4960
192.168.1.218,2024-11-30 5:44,GET,301,8631
10.0.0.205,2024-11-30 21:42,OPTIONS,200,7297
192.168.1.1,2024-11-30 2:45,GET,200,7932
192.168.1.63,2024-11-30 7:05,OPTIONS,500,817
192.168.1.50,2024-12-01 1:36,DELETE,200,1684
10.0.0.100,2024-12-01 0:28,GET,200,2109
10.0.0.6,2024-11-30 12:42,POST,200,8760
192.168.1.34,2024-11-30 7:58,GET,200,5436
192.168.1.240,2024-12-01 0:01,GET,201,5722
10.0.0.60,2024-11-30 16:29,OPTIONS,200,9562
192.168.1.119,2024-11-30 9:14,OPTIONS,200,14006
192.168.1.64,2024-11-30 14:57,OPTIONS,403,1944
10.0.0.161,2024-12-01 1:38,PUT,201,5174
10.0.0.53,2024-11-30 7:32,PUT,200,8406
192.168.1.15,2024-11-30 22:33,POST,200,9816
192.168.1.26,2024-11-30 9:52,OPTIONS,404,8688
10.0.0.98,2024-11-30 18:14,OPTIONS,200,2965
10.0.0.140,2024-11-30 2:11,DELETE,201,7609
192.168.1.132,2024-11-30 12:19,OPTIONS,200,9803
192.168.1.6,2024-11-30 13:34,OPTIONS,200,923
192.168.1.79,2024-12-01 0:32,POST,200,4963
192.168.1.27,2024-11-30 2:04,GET,301,7520
10.0.0.7,2024-11-30 6:48,DELETE,200,2885
10.0.0.77,2024-11-30 17:54,DELETE,404,5542
10.0.0.3,2024-11-30 12:34,PUT,200,3123
192.168.1.145,2024-11-30 18:11,GET,200,1757
192.168.1.3,2024-11-30 13:13,PUT,301,5864
192.168.1.122,2024-11-30 10:20,OPTIONS,200,5181
192.168.1.9,2024-11-30 5:20,PUT,200,3632
192.168.1.196,2024-11-30 11:08,OPTIONS,403,5828
10.0.0.19,2024-11-30 22:05,GET,200,9696
192.168.1.79,2024-11-30 4:41,POST,200,4099
10.0.0.213,2024-11-30 21:32,OPTIONS,301,759
10.0.0.101,2024-11-30 15:15,PUT,200,4825
10.0.0.219,2024-11-30 16:44,GET,200,4479
192.168.1.127,2024-11-30 20:07,DELETE,404,8895
192.168.1.18,2024-11-30 22:23,PUT,301,9376
10.0.0.94,2024-11-30 7:51,GET,200,5284
10.0.0.64,2024-11-30 17:31,POST,200,5461
192.168.1.87,2024-11-30 21:47,PUT,403,909
10.0.0.14,2024-11-30 8:24,DELETE,404,7087
10.0.0.254,2024-11-30 11:54,POST,500,4295
192.168.1.205,2024-11-30 22:55,GET,200,10693
192.168.1.169,2024-12-01 0:33,DELETE,200,9842
10.0.0.140,2024-11-30 2:30,DELETE,200,2351
192.168.1.1,2024-11-30 18:17,POST,404,1280
10.0.0.222,2024-11-30 11:50,POST,301,3719
10.0.0.120,2024-11-30 3:11,DELETE,403,3881
10.0.0.150,2024-11-30 8:35,PUT,403,7112
10.0.0.6,2024-11-30 14:10,DELETE,201,6333
192.168.1.149,2024-11-30 21:18,POST,301,1529
192.168.1.65,2024-11-30 19:21,POST,200,2393
10.0.0.112,2024-11-30 6:34,DELETE,201,4824
192.168.1.55,2024-11-30 20:10,OPTIONS,200,7453
10.0.0.197,2024-11-30 17:00,GET,503,7225
10.0.0.90,2024-11-30 19:45,OPTIONS,200,1534
192.168.1.15,2024-11-30 6:24,DELETE,301,17349
10.0.0.222,2024-11-30 18:09,PUT,500,7191
10.0.0.215,2024-11-30 8:44,OPTIONS,200,710
10.0.0.21,2024-11-30 11:52,DELETE,301,4338
192.168.1.240,2024-11-30 21:20,PUT,200,423
192.168.1.221,2024-11-30 8:30,DELETE,200,5587
10.0.0.118,2024-11-30 3:53,POST,200,2539
192.168.1.98,2024-11-30 11:56,OPTIONS,500,2676
10.0.0.11,2024-11-30 22:57,POST,200,9321
192.168.1.199,2024-11-30 10:14,GET,403,7469
10.0.0.215,2024-11-30 18:49,POST,200,5948
10.0.0.138,2024-11-30 11:23,GET,404,4314
10.0.0.1,2024-11-30 21:09,GET,200,1562
192.168.1.30,2024-11-30 21:50,GET,201,3226
10.0.0.5,2024-11-30 12:02,DELETE,200,4195
10.0.0.195,2024-11-30 17:28,GET,200,2283
192.168.1.66,2024-11-30 14:31,PUT,200,9318
10.0.0.92,2024-11-30 12:49,GET,200,1588
10.0.0.49,2024-11-30 9:09,DELETE,200,15572
192.168.1.198,2024-11-30 23:47,POST,403,1573
192.168.1.122,2024-11-30 11:43,DELETE,201,3835
10.0.0.225,2024-12-01 0:49,POST,200,3901
10.0.0.66,2024-11-30 23:24,OPTIONS,200,1222
10.0.0.224,2024-11-30 9:48,DELETE,200,2135
10.0.0.215,2024-11-30 16:10,POST,301,8335
10.0.0.100,2024-11-30 16:41,PUT,403,5887
10.0.0.200,2024-11-30 22:25,DELETE,500,6374
10.0.0.169,2024-11-30 7:06,POST,200,9104
192.168.1.149,2024-11-30 16:11,DELETE,200,2003
10.0.0.11,2024-11-30 17:01,DELETE,201,5593
192.168.1.46,2024-11-30 6:09,GET,403,1552
10.0.0.101,2024-11-30 18:57,DELETE,200,2356
10.0.0.137,2024-11-30 12:01,DELETE,200,9754
10.0.0.177,2024-11-30 7:48,DELETE,200,5709
192.168.1.249,2024-11-30 19:05,PUT,200,9382
10.0.0.101,2024-11-30 4:36,DELETE,200,2752
10.0.0.95,2024-11-30 21:02,OPTIONS,200,7631
10.0.0.196,2024-11-30 14:55,PUT,200,7465
10.0.0.221,2024-12-01 0:51,PUT,200,1513
192.168.1.101,2024-11-30 16:01,DELETE,404,1351
192.168.1.24,2024-11-30 17:36,POST,200,9966
192.168.1.58,2024-11-30 14:03,GET,500,8455
192.168.1.7,2024-11-30 20:43,POST,200,6465
10.0.0.129,2024-11-30 6:30,DELETE,403,2670
192.168.1.189,2024-11-30 20:04,OPTIONS,200,9092
192.168.1.217,2024-12-01 0:48,OPTIONS,200,1475
192.168.1.251,2024-11-30 9:32,POST,200,7531
10.0.0.101,2024-11-30 12:39,POST,200,4790
10.0.0.8,2024-11-30 13:21,PUT,200,4868
192.168.1.238,2024-11-30 18:48,PUT,200,2981
10.0.0.189,2024-11-30 20:18,OPTIONS,200,7258
192.168.1.29,2024-11-30 6:35,OPTIONS,200,1575
192.168.1.212,2024-11-30 16:39,GET,503,2038
10.0.0.23,2024-11-30 21:08,PUT,200,5563
10.0.0.249,2024-11-30 18:52,GET,201,3231
192.168.1.190,2024-11-30 8:18,PUT,200,2919
192.168.1.232,2024-11-30 5:37,DELETE,404,2397
10.0.0.73,2024-11-30 3:16,DELETE,404,5307
192.168.1.102,2024-11-30 13:13,GET,403,9420
10.0.0.15,2024-11-30 4:26,OPTIONS,200,1422
10.0.0.69,2024-11-30 9:25,DELETE,200,5071
10.0.0.228,2024-11-30 21:30,OPTIONS,301,18591
192.168.1.159,2024-12-01 0:24,POST,200,8055
192.168.1.95,2024-11-30 11:16,DELETE,200,9899
10.0.0.214,2024-11-30 16:12,PUT,200,5184
192.168.1.75,2024-11-30 2:25,POST,200,6521
192.168.1.133,2024-11-30 19:02,GET,301,9206
10.0.0.22,2024-11-30 2:37,DELETE,500,9614
10.0.0.25,2024-11-30 11:07,DELETE,200,4822
192.168.1.150,2024-11-30 15:14,OPTIONS,200,9387
192.168.1.246,2024-11-30 22:28,PUT,201,2613
10.0.0.189,2024-11-30 22:17,PUT,503,8628
192.168.1.151,2024-11-30 8:07,OPTIONS,200,4815
10.0.0.238,2024-11-30 10:38,PUT,301,8386
192.168.1.40,2024-11-30 9:11,PUT,200,3825
10.0.0.63,2024-11-30 13:15,GET,201,3652
192.168.1.198,2024-11-30 20:25,OPTIONS,200,9474
10.0.0.157,2024-11-30 18:11,PUT,404,154
192.168.1.64,2024-12-01 0:07,DELETE,200,8037
10.0.0.217,2024-11-30 12:01,POST,503,3882
192.168.1.165,2024-11-30 18:33,GET,500,3104
192.168.1.37,2024-11-30 22:29,OPTIONS,201,4592
10.0.0.72,2024-11-30 9:02,GET,201,468
10.0.0.140,2024-11-30 17:21,PUT,500,3898
10.0.0.34,2024-11-30 12:02,POST,301,9507
10.0.0.129,2024-11-30 2:14,POST,503,5191
192.168.1.26,2024-11-30 16:23,POST,200,7498
192.168.1.184,2024-11-30 7:45,POST,201,1424
192.168.1.105,2024-11-30 20:49,GET,200,8883
192.168.1.153,2024-11-30 14:56,OPTIONS,200,4490
10.0.0.79,2024-11-30 17:06,GET,403,8541
192.168.1.232,2024-11-30 4:07,DELETE,403,948
192.168.1.215,2024-11-30 3:37,GET,200,3417
10.0.0.252,2024-11-30 20:30,PUT,201,8808
192.168.1.45,2024-12-01 0:16,GET,200,9083
192.168.1.130,2024-11-30 2:00,DELETE,200,1985
192.168.1.25,2024-11-30 12:44,PUT,200,970
10.0.0.103,2024-11-30 3:34,DELETE,403,6204
192.168.1.181,2024-11-30 22:27,GET,404,6761
10.0.0.89,2024-11-30 21:45,DELETE,403,6930
10.0.0.238,2024-11-30 4:46,OPTIONS,301,4171
192.168.1.30,2024-11-30 22:04,POST,301,3659
10.0.0.246,2024-11-30 5:32,GET,200,9485
10.0.0.170,2024-11-30 11:23,GET,201,1766
10.0.0.28,2024-11-30 14:29,PUT,200,9236
10.0.0.142,2024-11-30 14:23,OPTIONS,301,19140
192.168.1.27,2024-11-30 2:13,POST,301,7403
10.0.0.73,2024-11-30 11:46,GET,201,3796
192.168.1.11,2024-12-01 1:31,OPTIONS,403,4544
10.0.0.170,2024-11-30 13:48,DELETE,503,6933
192.168.1.157,2024-11-30 18:14,PUT,200,1674
10.0.0.112,2024-11-30 3:09,PUT,404,6630
192.168.1.127,2024-11-30 4:34,GET,200,6141
192.168.1.36,2024-11-30 15:24,POST,200,3353
10.0.0.143,2024-11-30 6:48,GET,301,9419
10.0.0.248,2024-11-30 13:10,PUT,200,3609
192.168.1.183,2024-11-30 2:31,GET,200,9978
10.0.0.141,2024-11-30 20:49,DELETE,404,8020
192.168.1.222,2024-12-01 1:09,OPTIONS,200,179
192.168.1.184,2024-11-30 22:15,DELETE,403,4945
10.0.0.197,2024-11-30 12:28,PUT,301,5048
192.168.1.254,2024-11-30 6:35,POST,200,3512
192.168.1.47,2024-11-30 21:40,DELETE,200,420
192.168.1.59,2024-11-30 22:01,OPTIONS,200,2769
192.168.1.130,2024-11-30 2:09,OPTIONS,200,6037
192.168.1.54,2024-11-30 21:03,OPTIONS,200,1539
192.168.1.40,2024-11-30 6:56,OPTIONS,200,3056
10.0.0.32,2024-11-30 23:37,POST,200,3831
10.0.0.114,2024-11-30 9:01,OPTIONS,200,2739
10.0.0.136,2024-11-30 14:53,OPTIONS,200,3277
192.168.1.224,2024-11-30 10:55,DELETE,201,415
192.168.1.160,2024-11-30 19:57,DELETE,301,7787
10.0.0.53,2024-11-30 7:26,OPTIONS,301,7685
10.0.0.55,2024-11-30 9:21,OPTIONS,404,4279
10.0.0.130,2024-11-30 9:11,DELETE,404,7259
10.0.0.1,2024-11-30 8:28,GET,301,6992
10.0.0.213,2024-11-30 8:45,PUT,404,5176
192.168.1.82,2024-11-30 10:13,OPTIONS,403,6618
10.0.0.221,2024-11-30 9:32,OPTIONS,201,3389
10.0.0.157,2024-11-30 9:48,OPTIONS,200,659
192.168.1.149,2024-11-30 13:02,PUT,301,4521
192.168.1.229,2024-11-30 15:24,OPTIONS,200,6571
10.0.0.166,2024-11-30 10:51,DELETE,201,6531
10.0.0.153,2024-11-30 8:40,OPTIONS,200,6554
10.0.0.153,2024-12-01 0:12,OPTIONS,201,3793
192.168.1.224,2024-11-30 21:10,DELETE,200,5372
10.0.0.85,2024-11-30 20:40,POST,403,9168
10.0.0.218,2024-11-30 5:49,GET,201,7472
192.168.1.222,2024-11-30 23:54,PUT,200,9990
192.168.1.115,2024-11-30 19:11,DELETE,200,398
192.168.1.107,2024-11-30 21:51,PUT,200,899
192.168.1.215,2024-11-30 5:04,GET,200,5215
192.168.1.145,2024-11-30 10:47,POST,404,1346
10.0.0.186,2024-11-30 12:07,PUT,201,272
10.0.0.204,2024-11-30 22:23,PUT,404,9022
10.0.0.7,2024-11-30 5:15,DELETE,200,7116
10.0.0.164,2024-11-30 13:13,POST,404,2492
192.168.1.238,2024-11-30 19:33,POST,200,8255
10.0.0.74,2024-11-30 11:24,PUT,200,1313
192.168.1.164,2024-11-30 6:42,OPTIONS,503,5530
192.168.1.118,2024-11-30 12:55,DELETE,404,2206
10.0.0.12,2024-11-30 3:43,GET,301,6977
10.0.0.159,2024-11-30 13:52,OPTIONS,301,3539
10.0.0.44,2024-12-01 0:20,GET,500,8457
10.0.0.127,2024-11-30 11:24,PUT,200,7039
192.168.1.235,2024-11-30 11:00,GET,301,8490
10.0.0.86,2024-11-30 5:09,DELETE,301,3410
192.168.1.8,2024-11-30 9:51,DELETE,503,9961
192.168.1.98,2024-11-30 17:43,PUT,201,7132
10.0.0.181,2024-11-30 19:34,POST,201,2540
10.0.0.62,2024-11-30 9:16,POST,200,9337
10.0.0.119,2024-11-30 3:37,GET,200,3263
10.0.0.183,2024-11-30 16:14,PUT,404,8502
10.0.0.131,2024-11-30 4:10,OPTIONS,403,4309
10.0.0.140,2024-12-01 0:17,DELETE,200,9206
10.0.0.92,2024-11-30 10:19,POST,404,7673
10.0.0.19,2024-12-01 1:22,GET,503,153
192.168.1.228,2024-11-30 10:17,POST,404,4035
10.0.0.244,2024-11-30 19:35,POST,200,5051
192.168.1.250,2024-11-30 13:08,POST,201,7499
192.168.1.30,2024-11-30 2:20,GET,201,4092
192.168.1.43,2024-11-30 11:22,DELETE,200,6557
10.0.0.38,2024-11-30 18:13,POST,200,9867
10.0.0.195,2024-11-30 9:34,POST,201,7982
10.0.0.200,2024-11-30 13:52,GET,301,1884
10.0.0.77,2024-11-30 9:58,DELETE,503,2818
10.0.0.165,2024-11-30 2:07,PUT,404,15208
10.0.0.1,2024-11-30 16:42,OPTIONS,200,2137
192.168.1.27,2024-11-30 23:20,GET,201,8575
10.0.0.100,2024-11-30 14:42,POST,200,6257
192.168.1.174,2024-11-30 15:31,OPTIONS,200,8156
10.0.0.156,2024-11-30 15:51,DELETE,200,9605
192.168.1.108,2024-11-30 4:44,GET,200,7353
10.0.0.199,2024-11-30 6:12,DELETE,301,4485
192.168.1.105,2024-11-30 14:31,GET,200,9629
192.168.1.110,2024-11-30 6:29,POST,200,7116
192.168.1.123,2024-11-30 22:39,PUT,301,8805
192.168.1.164,2024-11-30 11:21,PUT,403,1074
10.0.0.58,2024-11-30 10:00,GET,503,1334
10.0.0.57,2024-11-30 18:14,OPTIONS,201,3272
10.0.0.125,2024-11-30 6:11,DELETE,200,8886
10.0.0.34,2024-11-30 17:24,POST,200,523
10.0.0.85,2024-11-30 23:29,POST,200,5116
192.168.1.244,2024-11-30 23:21,PUT,200,7566
192.168.1.39,2024-11-30 15:48,POST,403,18333
10.0.0.217,2024-11-30 9:48,POST,404,9748
192.168.1.189,2024-11-30 21:47,POST,403,7320
192.168.1.236,2024-11-30 3:59,OPTIONS,404,3426
192.168.1.49,2024-11-30 7:16,GET,500,5903
192.168.1.43,2024-11-30 9:31,POST,200,9586
10.0.0.27,2024-11-30 23:47,POST,404,2946
192.168.1.221,2024-12-01 0:57,GET,403,5981
10.0.0.150,2024-11-30 2:12,OPTIONS,403,3734
10.0.0.39,2024-11-30 3:53,POST,200,2371
10.0.0.81,2024-11-30 3:05,DELETE,503,1706
10.0.0.185,2024-12-01 0:09,PUT,403,3060
10.0.0.99,2024-11-30 13:45,POST,200,1560
192.168.1.28,2024-11-30 9:48,DELETE,200,1976
10.0.0.245,2024-11-30 9:32,PUT,200,4577
10.0.0.196,2024-11-30 16:25,POST,200,8313
10.0.0.146,2024-11-30 21:16,OPTIONS,200,8685
10.0.0.254,2024-11-30 21:41,POST,200,395
192.168.1.26,2024-11-30 23:27,OPTIONS,200,6798
192.168.1.190,2024-11-30 3:40,DELETE,200,5957
192.168.1.194,2024-11-30 3:46,PUT,404,6774
10.0.0.115,2024-11-30 18:07,PUT,200,3575
192.168.1.85,2024-11-30 18:54,DELETE,500,2716
10.0.0.15,2024-11-30 1:47,PUT,301,2978
10.0.0.162,2024-11-30 12:50,DELETE,200,8320
10.0.0.61,2024-11-30 17:59,GET,301,6368
192.168.1.20,2024-11-30 21:34,POST,200,9456
192.168.1.212,2024-11-30 21:23,OPTIONS,301,3669
10.0.0.180,2024-11-30 11:33,POST,200,2985
192.168.1.52,2024-12-01 1:20,DELETE,200,3624
10.0.0.85,2024-11-30 17:19,OPTIONS,404,8970
192.168.1.237,2024-11-30 19:33,POST,200,464
192.168.1.36,2024-11-30 20:56,PUT,503,2681
10.0.0.54,2024-11-30 20:51,GET,200,7574
10.0.0.27,2024-11-30 20:22,POST,201,5691
10.0.0.156,2024-11-30 21:02,PUT,403,9600
10.0.0.254,2024-12-01 1:01,DELETE,200,778
192.168.1.173,2024-11-30 16:24,DELETE,201,7216
192.168.1.170,2024-12-01 0:39,GET,503,8557
10.0.0.188,2024-11-30 9:34,POST,200,9177
192.168.1.76,2024-11-30 5:12,DELETE,200,2817
192.168.1.137,2024-11-30 5:49,POST,404,8888
192.168.1.64,2024-11-30 16:42,DELETE,404,3172
192.168.1.217,2024-11-30 3:48,DELETE,404,2097
192.168.1.226,2024-11-30 13:51,GET,200,7745
10.0.0.79,2024-11-30 8:07,GET,200,9241
10.0.0.20,2024-11-30 6:52,DELETE,404,8995
10.0.0.101,2024-11-30 15:57,OPTIONS,200,5338
192.168.1.236,2024-11-30 20:08,DELETE,503,6433
192.168.1.182,2024-11-30 10:08,PUT,503,4292
10.0.0.148,2024-11-30 20:48,PUT,404,9461
10.0.0.69,2024-11-30 8:14,DELETE,403,4815
192.168.1.186,2024-11-30 15:26,GET,200,5823
192.168.1.124,2024-11-30 7:57,POST,500,5473
10.0.0.228,2024-11-30 13:55,OPTIONS,200,3161
192.168.1.43,2024-11-30 15:46,POST,200,5976
192.168.1.73,2024-11-30 21:58,DELETE,301,9073
192.168.1.245,2024-11-30 21:48,GET,301,4411
10.0.0.103,2024-11-30 3:25,OPTIONS,200,1714
192.168.1.220,2024-11-30 20:29,GET,201,3654
10.0.0.125,2024-11-30 3:44,DELETE,200,7945
10.0.0.28,2024-11-30 17:14,DELETE,200,6123
10.0.0.57,2024-11-30 19:37,POST,200,16870
192.168.1.71,2024-11-30 15:12,DELETE,200,9414
192.168.1.163,2024-11-30 4:47,GET,200,3920
10.0.0.106,2024-11-30 11:11,GET,201,6276
192.168.1.138,2024-11-30 14:24,GET,201,5900
192.168.1.125,2024-11-30 10:13,DELETE,301,8973
10.0.0.57,2024-11-30 7:12,DELETE,200,5338
10.0.0.222,2024-11-30 20:25,POST,301,1662
10.0.0.96,2024-11-30 2:51,DELETE,500,5552
10.0.0.173,2024-11-30 23:47,POST,404,7403
192.168.1.162,2024-11-30 9:22,DELETE,201,2929
192.168.1.14,2024-11-30 22:56,POST,301,7959
192.168.1.135,2024-11-30 23:57,DELETE,200,14850
192.168.1.80,2024-11-30 18:05,PUT,500,2635
192.168.1.29,2024-11-30 23:05,PUT,200,649
10.0.0.23,2024-11-30 19:44,POST,301,5447
10.0.0.188,2024-11-30 10:03,OPTIONS,200,6688
10.0.0.136,2024-11-30 8:12,PUT,301,2836
192.168.1.62,2024-11-30 8:55,PUT,200,5648
10.0.0.199,2024-11-30 10:15,PUT,200,4260
10.0.0.28,2024-11-30 15:29,PUT,200,6351
192.168.1.78,2024-11-30 8:12,GET,404,2659
192.168.1.42,2024-11-30 11:43,PUT,200,2778
192.168.1.129,2024-11-30 22:49,GET,200,6612
192.168.1.71,2024-11-30 11:01,GET,200,7622
192.168.1.2,2024-11-30 7:33,PUT,301,3676
10.0.0.18,2024-11-30 4:59,PUT,404,5643
10.0.0.72,2024-11-30 15:43,PUT,200,9883
192.168.1.72,2024-11-30 8:50,OPTIONS,403,6192
10.0.0.230,2024-11-30 4:58,DELETE,200,2331
10.0.0.9,2024-11-30 3:15,DELETE,301,3837
192.168.1.132,2024-11-30 4:55,GET,200,3600
192.168.1.32,2024-11-30 21:34,OPTIONS,503,9114
10.0.0.162,2024-11-30 7:56,DELETE,200,4506
192.168.1.239,2024-11-30 14:00,GET,200,3887
192.168.1.25,2024-11-30 17:54,PUT,404,3716
10.0.0.84,2024-11-30 11:54,OPTIONS,200,3210
192.168.1.87,2024-11-30 9:35,GET,201,8235
10.0.0.75,2024-11-30 12:13,OPTIONS,301,9123
10.0.0.158,2024-11-30 12:25,PUT,200,9591
10.0.0.180,2024-11-30 13:59,GET,201,844
10.0.0.156,2024-11-30 13:50,OPTIONS,404,7617
10.0.0.108,2024-11-30 21:28,PUT,500,1935
10.0.0.159,2024-11-30 12:26,DELETE,200,1282
192.168.1.88,2024-11-30 11:44,DELETE,200,7945
10.0.0.214,2024-11-30 3:55,DELETE,200,5254
10.0.0.141,2024-11-30 14:32,OPTIONS,200,1036
10.0.0.92,2024-12-01 1:05,POST,200,4353
10.0.0.145,2024-11-30 14:11,PUT,200,109
192.168.1.106,2024-11-30 3:27,POST,500,5991
192.168.1.60,2024-12-01 0:57,POST,200,8613
192.168.1.163,2024-11-30 2:29,GET,200,4264
10.0.0.181,2024-11-30 3:57,POST,200,9634
10.0.0.120,2024-11-30 14:11,PUT,503,433
10.0.0.69,2024-11-30 9:16,OPTIONS,200,1767
192.168.1.249,2024-11-30 18:26,OPTIONS,201,1802
10.0.0.244,2024-11-30 16:40,PUT,200,1004
192.168.1.103,2024-11-30 16:20,GET,200,6208
192.168.1.222,2024-11-30 1:47,PUT,200,257
10.0.0.253,2024-11-30 13:53,GET,201,382
192.168.1.108,2024-11-30 4:21,DELETE,200,6452
192.168.1.251,2024-11-30 5:46,OPTIONS,200,4092
10.0.0.53,2024-11-30 11:32,POST,404,7578
192.168.1.21,2024-11-30 10:49,POST,201,9070
10.0.0.152,2024-11-30 4:53,DELETE,403,6401
10.0.0.122,2024-11-30 7:40,POST,200,4797
192.168.1.114,2024-11-30 2:55,DELETE,201,6615
192.168.1.13,2024-11-30 14:57,OPTIONS,301,3528
10.0.0.38,2024-11-30 6:37,OPTIONS,500,6777
10.0.0.148,2024-11-30 20:22,DELETE,200,3053
192.168.1.159,2024-11-30 19:42,DELETE,200,15828
10.0.0.161,2024-11-30 8:47,OPTIONS,200,4819
192.168.1.191,2024-12-01 1:29,DELETE,403,6340
192.168.1.189,2024-11-30 7:36,POST,200,9760
192.168.1.33,2024-11-30 12:46,POST,500,7418
192.168.1.94,2024-11-30 9:08,GET,200,1424
192.168.1.85,2024-11-30 13:33,GET,503,5360
192.168.1.192,2024-11-30 20:00,OPTIONS,200,8114
192.168.1.65,2024-11-30 12:49,DELETE,200,9965
10.0.0.2,2024-11-30 18:46,DELETE,200,8479
10.0.0.230,2024-11-30 12:12,OPTIONS,200,8784
10.0.0.194,2024-11-30 3:17,OPTIONS,201,9559
192.168.1.85,2024-11-30 13:53,DELETE,201,7399
10.0.0.208,2024-11-30 2:23,POST,200,7445
192.168.1.136,2024-11-30 13:04,POST,301,770
192.168.1.199,2024-11-30 1:57,PUT,404,9978
10.0.0.11,2024-11-30 22:35,GET,500,13278
192.168.1.32,2024-12-01 1:06,POST,200,6987
192.168.1.191,2024-11-30 7:04,POST,200,1553
10.0.0.13,2024-11-30 15:22,POST,200,8123
10.0.0.3,2024-11-30 4:05,DELETE,200,9594
10.0.0.153,2024-12-01 1:08,PUT,403,9731
10.0.0.148,2024-11-30 4:46,POST,403,7837
192.168.1.30,2024-11-30 11:20,PUT,200,275
10.0.0.7,2024-11-30 22:45,PUT,404,3898
10.0.0.214,2024-11-30 14:46,POST,500,6220
192.168.1.170,2024-11-30 20:12,GET,201,6868
10.0.0.205,2024-11-30 16:15,DELETE,301,11761
10.0.0.192,2024-11-30 9:13,DELETE,503,8727
10.0.0.101,2024-11-30 10:39,OPTIONS,200,4242
10.0.0.111,2024-11-30 16:37,PUT,200,5714
192.168.1.48,2024-11-30 9:40,OPTIONS,503,4392
192.168.1.73,2024-11-30 14:58,GET,500,5838
10.0.0.203,2024-11-30 21:27,PUT,500,771
192.168.1.137,2024-11-30 19:35,POST,301,4603
192.168.1.195,2024-11-30 2:36,PUT,200,8808
192.168.1.229,2024-12-01 0:01,POST,503,7739
192.168.1.32,2024-11-30 6:03,GET,503,8149
10.0.0.30,2024-11-30 8:56,DELETE,200,9794
10.0.0.32,2024-11-30 20:08,PUT,201,5923
192.168.1.93,2024-11-30 16:44,POST,503,4316
10.0.0.112,2024-11-30 5:09,GET,404,554
10.0.0.210,2024-11-30 14:28,POST,301,1700
10.0.0.99,2024-11-30 8:40,DELETE,200,7349
10.0.0.81,2024-11-30 3:40,GET,503,6453
10.0.0.78,2024-11-30 19:30,POST,301,9712
10.0.0.132,2024-11-30 14:38,OPTIONS,200,9775
192.168.1.27,2024-11-30 15:01,PUT,301,283
192.168.1.120,2024-11-30 7:59,PUT,200,7670
192.168.1.47,2024-11-30 22:56,POST,200,1265
10.0.0.63,2024-11-30 11:02,OPTIONS,403,11413
192.168.1.5,2024-11-30 9:35,PUT,403,3771
10.0.0.228,2024-11-30 7:29,GET,200,5925
192.168.1.228,2024-11-30 15:53,PUT,200,1461
192.168.1.84,2024-11-30 2:50,DELETE,201,5648
192.168.1.21,2024-11-30 11:58,GET,200,6759
192.168.1.83,2024-11-30 20:17,GET,500,6006
192.168.1.12,2024-11-30 5:01,DELETE,200,4814
192.168.1.65,2024-11-30 4:59,DELETE,200,156
192.168.1.160,2024-12-01 1:00,GET,301,4823
192.168.1.131,2024-11-30 5:29,POST,403,1670
10.0.0.177,2024-11-30 16:48,PUT,403,3995
10.0.0.78,2024-11-30 8:12,GET,403,6765
10.0.0.177,2024-11-30 4:12,DELETE,200,9621
10.0.0.213,2024-11-30 8:42,GET,201,2896
10.0.0.150,2024-12-01 1:19,GET,201,1667
192.168.1.77,2024-11-30 14:32,GET,200,8409
10.0.0.89,2024-11-30 12:03,DELETE,301,1885
192.168.1.99,2024-11-30 4:04,DELETE,200,1818
10.0.0.1,2024-11-30 20:57,DELETE,200,6223
192.168.1.87,2024-11-30 6:26,GET,200,9753
10.0.0.148,2024-11-30 22:50,OPTIONS,403,2867
192.168.1.250,2024-11-30 20:32,OPTIONS,201,8554
10.0.0.165,2024-11-30 22:23,POST,200,6405
10.0.0.158,2024-11-30 9:51,DELETE,200,9607
192.168.1.125,2024-11-30 23:07,OPTIONS,403,9036
192.168.1.156,2024-11-30 11:27,PUT,301,3957
192.168.1.130,2024-11-30 21:40,DELETE,200,1756
192.168.1.31,2024-11-30 12:51,DELETE,200,4449
192.168.1.91,2024-11-30 15:41,POST,500,2985
10.0.0.214,2024-11-30 14:28,GET,200,6658
10.0.0.76,2024-11-30 5:38,POST,200,9061
10.0.0.198,2024-11-30 10:20,POST,200,2291
192.168.1.43,2024-11-30 19:40,OPTIONS,200,2626
192.168.1.99,2024-11-30 7:54,GET,200,9434
10.0.0.212,2024-11-30 17:22,POST,200,6896
192.168.1.89,2024-11-30 2:57,DELETE,403,2532
10.0.0.14,2024-11-30 21:10,POST,200,6932
10.0.0.118,2024-11-30 20:01,POST,201,673
192.168.1.189,2024-11-30 17:27,DELETE,200,926
10.0.0.8,2024-11-30 3:05,PUT,200,1643
10.0.0.154,2024-11-30 8:41,OPTIONS,200,4550
192.168.1.132,2024-11-30 19:32,OPTIONS,301,9410
10.0.0.156,2024-11-30 10:26,OPTIONS,200,9101
10.0.0.245,2024-11-30 9:19,POST,200,1391
10.0.0.202,2024-11-30 5:47,OPTIONS,200,213
192.168.1.216,2024-11-30 3:41,PUT,403,7258
10.0.0.252,2024-11-30 10:59,OPTIONS,200,9839
192.168.1.202,2024-11-30 20:31,DELETE,200,8755
192.168.1.105,2024-11-30 10:22,GET,403,1807
192.168.1.48,2024-11-30 6:14,PUT,200,763
192.168.1.162,2024-11-30 12:57,DELETE,200,5058
192.168.1.13,2024-11-30 6:49,DELETE,200,414
10.0.0.140,2024-11-30 23:13,PUT,200,4962
192.168.1.226,2024-11-30 3:03,PUT,200,8460
192.168.1.194,2024-11-30 3:44,OPTIONS,201,6589
192.168.1.51,2024-11-30 23:39,DELETE,200,6528
192.168.1.160,2024-11-30 21:42,DELETE,200,4834
10.0.0.56,2024-11-30 22:59,PUT,200,993
10.0.0.53,2024-11-30 6:25,POST,200,9097
10.0.0.81,2024-12-01 0:04,POST,403,8387
10.0.0.225,2024-11-30 3:37,PUT,404,7149
192.168.1.71,2024-11-30 8:02,DELETE,301,1788
192.168.1.182,2024-11-30 17:14,GET,200,2187
10.0.0.222,2024-11-30 15:24,POST,200,4814
10.0.0.56,2024-11-30 21:26,POST,301,3094
10.0.0.211,2024-11-30 19:03,POST,403,1776
10.0.0.163,2024-11-30 13:35,DELETE,301,6895
10.0.0.147,2024-11-30 9:18,DELETE,503,9791
10.0.0.198,2024-11-30 4:08,GET,500,4137
10.0.0.205,2024-11-30 19:18,OPTIONS,200,1080
10.0.0.40,2024-11-30 11:30,OPTIONS,200,3681
192.168.1.104,2024-11-30 12:03,DELETE,403,3854
192.168.1.82,2024-11-30 2:58,GET,500,7454
10.0.0.9,2024-11-30 5:26,POST,200,7493
10.0.0.167,2024-11-30 21:44,GET,200,8244
10.0.0.103,2024-11-30 9:02,OPTIONS,404,9456
192.168.1.147,2024-11-30 14:29,PUT,200,102
192.168.1.255,2024-11-30 17:52,POST,200,7587
10.0.0.60,2024-11-30 6:14,PUT,403,7556
10.0.0.45,2024-11-30 20:53,GET,200,7771
192.168.1.133,2024-11-30 21:48,POST,200,4388
192.168.1.101,2024-11-30 7:21,PUT,200,11185
10.0.0.194,2024-11-30 5:34,GET,201,2453
192.168.1.82,2024-11-30 10:15,GET,503,8350
192.168.1.127,2024-11-30 16:21,PUT,404,7139
10.0.0.208,2024-11-30 23:49,DELETE,404,3407
192.168.1.82,2024-11-30 4:44,OPTIONS,200,1761
10.0.0.129,2024-11-30 2:21,POST,200,3166
10.0.0.69,2024-11-30 16:32,POST,403,1973
10.0.0.164,2024-11-30 8:09,OPTIONS,200,8255
192.168.1.98,2024-11-30 8:52,POST,200,2007
10.0.0.247,2024-11-30 20:08,POST,200,3686
192.168.1.50,2024-11-30 15:13,PUT,200,4071
10.0.0.240,2024-11-30 8:28,DELETE,200,8943
10.0.0.160,2024-11-30 10:04,PUT,404,4756
10.0.0.193,2024-11-30 13:05,POST,404,8428
192.168.1.92,2024-11-30 3:05,POST,200,365
192.168.1.144,2024-11-30 13:10,OPTIONS,200,3242
192.168.1.6,2024-11-30 4:16,GET,503,3941
10.0.0.238,2024-11-30 4:59,OPTIONS,500,679
192.168.1.30,2024-11-30 15:13,DELETE,200,4481
192.168.1.94,2024-11-30 14:30,OPTIONS,200,3229
192.168.1.93,2024-11-30 15:02,DELETE,200,3587
10.0.0.214,2024-12-01 0:31,GET,301,8025
192.168.1.96,2024-12-01 1:11,PUT,200,16429
10.0.0.239,2024-11-30 21:04,OPTIONS,404,1159
192.168.1.218,2024-12-01 0:59,PUT,404,7731
10.0.0.9,2024-11-30 4:14,DELETE,403,9534
10.0.0.26,2024-11-30 10:57,POST,200,7870
192.168.1.226,2024-11-30 22:25,OPTIONS,404,5241
10.0.0.158,2024-11-30 6:57,POST,200,2746
192.168.1.175,2024-11-30 18:57,POST,500,6697
192.168.1.184,2024-11-30 22:16,POST,200,8242
10.0.0.197,2024-11-30 5:53,PUT,404,7634
192.168.1.158,2024-11-30 2:18,PUT,404,1906
10.0.0.179,2024-11-30 21:38,GET,201,6537
10.0.0.156,2024-11-30 14:13,DELETE,200,1890
10.0.0.33,2024-11-30 9:44,OPTIONS,200,19784
192.168.1.206,2024-11-30 9:28,GET,503,2645
192.168.1.49,2024-11-30 13:55,DELETE,503,9863
192.168.1.164,2024-11-30 17:48,GET,500,968
192.168.1.129,2024-11-30 7:47,POST,404,8502
10.0.0.70,2024-12-01 0:34,OPTIONS,301,9006
10.0.0.221,2024-11-30 21:39,PUT,201,5390
10.0.0.43,2024-11-30 4:38,DELETE,200,4470
10.0.0.206,2024-11-30 18:17,DELETE,404,3329
192.168.1.43,2024-11-30 5:43,PUT,301,1360
10.0.0.44,2024-11-30 2:35,PUT,200,7763
10.0.0.118,2024-11-30 7:09,POST,200,7336
192.168.1.219,2024-11-30 15:54,PUT,404,4985
10.0.0.114,2024-12-01 0:55,PUT,500,1679
192.168.1.33,2024-11-30 2:09,POST,200,3352
192.168.1.29,2024-11-30 20:34,OPTIONS,200,959
10.0.0.249,2024-11-30 21:15,GET,403,2215
192.168.1.166,2024-11-30 22:26,OPTIONS,301,6037
192.168.1.216,2024-12-01 1:27,DELETE,404,1528
192.168.1.147,2024-11-30 12:35,POST,200,6980
10.0.0.21,2024-11-30 23:15,PUT,201,9540
10.0.0.238,2024-11-30 15:44,OPTIONS,200,6593
192.168.1.85,2024-11-30 18:48,PUT,200,7716
192.168.1.237,2024-11-30 18:55,PUT,201,4268
10.0.0.206,2024-11-30 12:18,OPTIONS,200,3680
192.168.1.195,2024-11-30 5:25,POST,200,8368
10.0.0.165,2024-11-30 21:22,DELETE,200,1953
10.0.0.106,2024-11-30 10:06,GET,503,6314
10.0.0.250,2024-11-30 15:32,POST,500,8653
192.168.1.5,2024-11-30 14:29,POST,503,4928
10.0.0.246,2024-11-30 1:54,PUT,404,13750
10.0.0.187,2024-11-30 21:34,OPTIONS,301,15759
192.168.1.47,2024-11-30 8:07,DELETE,200,230
192.168.1.197,2024-11-30 18:51,POST,301,7414
10.0.0.147,2024-11-30 23:06,OPTIONS,403,744
10.0.0.74,2024-11-30 5:40,PUT,200,3898
192.168.1.187,2024-11-30 8:48,PUT,500,7240
10.0.0.70,2024-11-30 22:08,POST,201,5722
10.0.0.46,2024-11-30 2:18,PUT,200,1446
10.0.0.133,2024-11-30 21:54,DELETE,200,8439
10.0.0.23,2024-11-30 14:20,OPTIONS,404,2782
192.168.1.130,2024-11-30 18:40,GET,301,2505
10.0.0.97,2024-11-30 8:57,OPTIONS,503,470
192.168.1.180,2024-11-30 9:39,DELETE,200,4248
192.168.1.171,2024-11-30 21:09,POST,200,9250
192.168.1.148,2024-11-30 18:33,POST,200,8132
10.0.0.66,2024-12-01 0:12,OPTIONS,200,4171
192.168.1.114,2024-11-30 13:26,PUT,200,7580
10.0.0.238,2024-11-30 13:41,DELETE,200,9791
192.168.1.70,2024-11-30 12:35,OPTIONS,404,2361
10.0.0.61,2024-11-30 5:10,OPTIONS,200,3037
192.168.1.194,2024-11-30 5:35,OPTIONS,200,251
10.0.0.78,2024-11-30 21:16,OPTIONS,200,693
192.168.1.77,2024-12-01 0:23,POST,404,13910
10.0.0.33,2024-11-30 22:09,GET,403,6780
192.168.1.71,2024-11-30 15:26,PUT,200,3550
192.168.1.51,2024-11-30 22:56,DELETE,200,3075
10.0.0.13,2024-11-30 17:51,OPTIONS,201,7316
192.168.1.207,2024-11-30 12:36,POST,200,9162
10.0.0.124,2024-11-30 5:03,PUT,201,7564
10.0.0.191,2024-11-30 3:41,OPTIONS,404,6218
10.0.0.104,2024-11-30 15:11,OPTIONS,500,187
10.0.0.210,2024-11-30 18:51,GET,201,2905
192.168.1.250,2024-11-30 17:31,POST,404,9635
10.0.0.94,2024-11-30 6:30,DELETE,503,1520
192.168.1.85,2024-11-30 22:44,GET,301,4805
10.0.0.28,2024-11-30 16:23,GET,201,5708
10.0.0.255,2024-11-30 20:04,OPTIONS,201,9727
192.168.1.76,2024-11-30 22:06,GET,503,4969
192.168.1.129,2024-11-30 22:08,PUT,301,705
192.168.1.36,2024-11-30 22:35,PUT,200,7979
192.168.1.232,2024-11-30 11:20,POST,500,5646
192.168.1.64,2024-11-30 23:45,DELETE,200,3310
192.168.1.232,2024-11-30 8:37,OPTIONS,200,5091
10.0.0.183,2024-11-30 13:24,PUT,200,15295
10.0.0.104,2024-11-30 4:54,POST,200,2448
10.0.0.12,2024-12-01 1:02,PUT,200,1876
10.0.0.117,2024-11-30 13:31,GET,200,7501
10.0.0.84,2024-11-30 1:45,PUT,200,8005
192.168.1.174,2024-11-30 23:56,PUT,200,16846
10.0.0.44,2024-11-30 17:59,GET,200,3162
10.0.0.228,2024-11-30 4:08,GET,201,9242
10.0.0.19,2024-11-30 8:31,DELETE,200,2696
192.168.1.72,2024-11-30 22:49,OPTIONS,200,8666
192.168.1.37,2024-11-30 19:58,GET,200,4570
10.0.0.113,2024-11-30 4:15,PUT,403,9831
10.0.0.45,2024-11-30 6:34,POST,200,4789
10.0.0.110,2024-11-30 12:36,PUT,200,4708
192.168.1.99,2024-11-30 21:56,POST,500,5424
10.0.0.71,2024-11-30 12:36,POST,200,3919
192.168.1.103,2024-11-30 11:08,OPTIONS,301,9457
10.0.0.98,2024-11-30 7:27,GET,404,9878
10.0.0.193,2024-12-01 0:11,DELETE,403,8737
192.168.1.193,2024-11-30 8:07,DELETE,200,3731
10.0.0.143,2024-11-30 18:43,GET,500,2897
10.0.0.234,2024-11-30 15:12,OPTIONS,200,5615
10.0.0.2,2024-11-30 22:25,PUT,200,3803
10.0.0.47,2024-11-30 3:44,GET,200,1814
192.168.1.175,2024-11-30 6:20,PUT,404,3841
10.0.0.176,2024-11-30 16:47,PUT,200,3282
10.0.0.144,2024-11-30 19:13,DELETE,200,3241
10.0.0.188,2024-12-01 1:12,OPTIONS,201,6490
192.168.1.209,2024-11-30 3:51,POST,200,9006
10.0.0.53,2024-11-30 15:11,POST,200,1642
192.168.1.228,2024-11-30 20:34,POST,503,4224
192.168.1.220,2024-11-30 4:11,GET,301,4228
192.168.1.9,2024-11-30 17:22,PUT,403,1390
10.0.0.98,2024-11-30 18:31,PUT,301,6546
192.168.1.135,2024-11-30 5:22,PUT,200,9757
10.0.0.13,2024-11-30 23:14,PUT,200,762
192.168.1.149,2024-11-30 4:17,GET,404,8002
10.0.0.12,2024-11-30 17:22,DELETE,403,1708
192.168.1.97,2024-12-01 0:56,DELETE,404,5644
192.168.1.48,2024-11-30 14:03,GET,500,2112
192.168.1.103,2024-11-30 21:21,OPTIONS,201,3794
192.168.1.150,2024-11-30 6:37,POST,301,6832
192.168.1.45,2024-11-30 19:59,DELETE,200,4356
10.0.0.167,2024-11-30 14:05,DELETE,201,237
192.168.1.190,2024-11-30 12:27,DELETE,200,562
10.0.0.60,2024-11-30 16:29,PUT,403,9384
192.168.1.153,2024-11-30 23:19,PUT,201,5090
192.168.1.70,2024-11-30 15:26,POST,404,1162
10.0.0.82,2024-11-30 6:57,PUT,200,1544
192.168.1.189,2024-11-30 13:18,OPTIONS,200,3182
10.0.0.170,2024-11-30 4:18,OPTIONS,404,290
10.0.0.110,2024-11-30 9:48,GET,200,4935
192.168.1.40,2024-11-30 2:12,GET,403,5219
192.168.1.77,2024-11-30 4:13,PUT,404,8697
10.0.0.171,2024-11-30 10:00,POST,403,4843
192.168.1.116,2024-11-30 20:17,OPTIONS,301,6395
10.0.0.17,2024-12-01 1:29,OPTIONS,403,6989
10.0.0.168,2024-11-30 15:11,DELETE,500,11364
192.168.1.125,2024-11-30 23:00,POST,301,2340
192.168.1.86,2024-11-30 13:29,DELETE,301,7026
192.168.1.141,2024-11-30 5:39,OPTIONS,200,239
192.168.1.245,2024-11-30 23:11,PUT,200,2679
192.168.1.42,2024-11-30 5:32,DELETE,500,647
192.168.1.207,2024-11-30 7:02,DELETE,200,7804
192.168.1.231,2024-11-30 11:34,PUT,200,6736
10.0.0.198,2024-11-30 2:00,GET,200,4862
192.168.1.115,2024-11-30 2:57,OPTIONS,200,2770
192.168.1.153,2024-11-30 4:34,POST,200,7601
10.0.0.219,2024-11-30 10:48,PUT,404,6919
10.0.0.232,2024-11-30 8:53,GET,200,12609
192.168.1.11,2024-11-30 13:46,POST,200,617
192.168.1.86,2024-11-30 9:09,PUT,200,4528
10.0.0.206,2024-11-30 2:45,GET,201,7505
10.0.0.34,2024-11-30 11:53,DELETE,500,12023
192.168.1.159,2024-11-30 4:06,DELETE,403,6150
192.168.1.43,2024-11-30 7:24,POST,301,4254
10.0.0.151,2024-12-01 0:03,OPTIONS,301,7851
192.168.1.33,2024-11-30 7:17,OPTIONS,301,1282
192.168.1.120,2024-11-30 3:32,DELETE,301,8115
192.168.1.75,2024-11-30 15:43,POST,200,9378
192.168.1.83,2024-11-30 10:26,POST,200,1276
10.0.0.97,2024-11-30 14:24,PUT,200,8058
10.0.0.95,2024-11-30 15:54,GET,200,8315
10.0.0.97,2024-11-30 18:10,DELETE,200,7232
192.168.1.254,2024-11-30 13:22,DELETE,301,3136
192.168.1.8,2024-11-30 23:21,DELETE,200,17801
192.168.1.110,2024-11-30 23:18,DELETE,201,3380
10.0.0.217,2024-11-30 4:13,GET,404,601
10.0.0.49,2024-11-30 23:22,PUT,200,9337
10.0.0.133,2024-11-30 19:58,GET,200,9488
192.168.1.73,2024-11-30 18:28,POST,201,5482
192.168.1.68,2024-11-30 4:13,POST,200,9647
192.168.1.152,2024-11-30 13:51,PUT,201,9507
192.168.1.135,2024-11-30 18:47,POST,403,7609
10.0.0.67,2024-11-30 6:34,POST,404,8496
10.0.0.202,2024-12-01 0:33,OPTIONS,301,4231
192.168.1.219,2024-11-30 12:40,DELETE,200,7618
192.168.1.1,2024-11-30 15:44,GET,200,5369
10.0.0.148,2024-11-30 18:06,GET,500,3627
192.168.1.24,2024-11-30 21:16,POST,301,2761
192.168.1.86,2024-11-30 20:29,DELETE,200,6423
192.168.1.38,2024-12-01 1:04,PUT,404,5009
10.0.0.249,2024-11-30 7:14,PUT,200,8851
192.168.1.175,2024-11-30 4:24,OPTIONS,200,4360
192.168.1.182,2024-11-30 16:32,OPTIONS,404,1984
192.168.1.136,2024-11-30 7:13,DELETE,200,19426
10.0.0.90,2024-11-30 6:04,OPTIONS,503,2481
192.168.1.204,2024-11-30 18:16,OPTIONS,404,3729
10.0.0.102,2024-11-30 4:28,PUT,200,2691
192.168.1.61,2024-11-30 2:53,PUT,200,8995
10.0.0.138,2024-12-01 1:28,POST,500,6377
10.0.0.110,2024-11-30 8:52,PUT,200,9205
192.168.1.129,2024-11-30 12:18,DELETE,200,9366
10.0.0.203,2024-11-30 2:45,OPTIONS,200,5679
10.0.0.246,2024-11-30 20:33,DELETE,200,234
192.168.1.38,2024-11-30 21:31,POST,301,4909
192.168.1.91,2024-11-30 17:43,PUT,200,7526
10.0.0.59,2024-12-01 0:38,PUT,403,9571
192.168.1.50,2024-12-01 0:25,DELETE,200,8296
192.168.1.205,2024-11-30 18:50,DELETE,201,2475
10.0.0.247,2024-12-01 0:12,PUT,200,4838
192.168.1.147,2024-11-30 18:45,OPTIONS,404,9887
192.168.1.187,2024-11-30 5:31,GET,404,6700
192.168.1.124,2024-11-30 8:40,OPTIONS,403,4432
10.0.0.205,2024-11-30 12:27,OPTIONS,201,3190
10.0.0.33,2024-11-30 7:46,OPTIONS,200,1658
192.168.1.255,2024-11-30 17:54,PUT,200,3126
10.0.0.109,2024-11-30 22:47,DELETE,403,8066
192.168.1.141,2024-11-30 3:54,POST,403,234
10.0.0.231,2024-11-30 2:36,DELETE,200,7317
192.168.1.195,2024-11-30 22:40,PUT,200,6812
192.168.1.114,2024-11-30 6:09,DELETE,404,8259
10.0.0.97,2024-11-30 14:17,GET,201,8994
10.0.0.31,2024-11-30 2:02,OPTIONS,200,6889
192.168.1.175,2024-11-30 10:23,POST,201,2722
192.168.1.68,2024-11-30 10:40,GET,200,8884
192.168.1.223,2024-11-30 9:51,OPTIONS,200,8637
192.168.1.15,2024-11-30 12:01,OPTIONS,200,1015
192.168.1.37,2024-11-30 15:24,DELETE,200,8457
10.0.0.65,2024-11-30 10:40,GET,200,9952
192.168.1.216,2024-11-30 5:14,PUT,503,6063
10.0.0.106,2024-11-30 14:26,DELETE,200,6665
10.0.0.40,2024-11-30 19:47,GET,404,459
192.168.1.101,2024-11-30 17:56,OPTIONS,200,4169
192.168.1.40,2024-11-30 16:48,DELETE,200,6052
10.0.0.217,2024-11-30 4:27,GET,200,6923
192.168.1.87,2024-11-30 8:40,GET,200,12770
10.0.0.148,2024-11-30 17:49,OPTIONS,403,8366
10.0.0.205,2024-12-01 1:01,DELETE,200,9078
192.168.1.59,2024-11-30 23:27,OPTIONS,200,1166
10.0.0.154,2024-11-30 5:28,POST,503,7495
10.0.0.215,2024-11-30 8:11,OPTIONS,200,692
10.0.0.2,2024-11-30 21:34,OPTIONS,403,8291
10.0.0.8,2024-11-30 15:55,PUT,200,5571
10.0.0.253,2024-11-30 6:45,POST,404,8743
192.168.1.28,2024-11-30 13:47,PUT,201,666
10.0.0.235,2024-11-30 16:01,PUT,201,3530
192.168.1.145,2024-11-30 15:15,PUT,201,6264
10.0.0.247,2024-11-30 5:08,DELETE,500,1824
192.168.1.144,2024-11-30 11:56,POST,200,341
10.0.0.233,2024-11-30 19:42,OPTIONS,403,2336
10.0.0.151,2024-11-30 6:39,DELETE,200,15134
10.0.0.109,2024-11-30 13:47,OPTIONS,500,7638
192.168.1.250,2024-12-01 1:35,POST,201,6701
10.0.0.2,2024-11-30 5:10,DELETE,200,4570
192.168.1.112,2024-11-30 11:48,POST,404,1279
192.168.1.16,2024-11-30 10:06,PUT,200,5258
192.168.1.206,2024-11-30 18:03,GET,500,6150
10.0.0.162,2024-11-30 1:53,POST,200,1022
10.0.0.218,2024-11-30 15:19,GET,200,1501
192.168.1.134,2024-12-01 1:04,POST,200,215
192.168.1.36,2024-11-30 3:55,GET,200,2652
10.0.0.191,2024-11-30 16:30,OPTIONS,301,6824
192.168.1.63,2024-11-30 14:17,PUT,200,3608
10.0.0.86,2024-11-30 2:52,POST,404,8516
10.0.0.225,2024-11-30 7:39,DELETE,200,8974
10.0.0.151,2024-11-30 16:51,POST,404,8743
10.0.0.215,2024-11-30 9:58,GET,200,5265
10.0.0.222,2024-11-30 11:24,PUT,503,4697
10.0.0.88,2024-11-30 5:19,DELETE,201,5524
10.0.0.248,2024-11-30 15:06,DELETE,200,9105
192.168.1.188,2024-11-30 19:49,DELETE,200,4943
192.168.1.245,2024-12-01 1:02,DELETE,301,791
192.168.1.120,2024-11-30 19:14,PUT,200,4027
10.0.0.135,2024-11-30 7:39,PUT,200,3816
192.168.1.145,2024-11-30 10:08,DELETE,403,1094
192.168.1.221,2024-11-30 21:57,DELETE,200,5753
192.168.1.182,2024-11-30 9:13,PUT,201,7253
10.0.0.167,2024-12-01 0:20,PUT,200,2404
10.0.0.227,2024-11-30 10:33,GET,200,478
10.0.0.203,2024-11-30 7:11,POST,403,6876
10.0.0.75,2024-11-30 3:52,PUT,200,2453
192.168.1.112,2024-11-30 20:21,PUT,403,728
10.0.0.57,2024-11-30 2:25,OPTIONS,301,12821
10.0.0.105,2024-11-30 17:55,POST,503,15291
10.0.0.135,2024-11-30 8:49,OPTIONS,500,9571
192.168.1.19,2024-11-30 6:50,GET,200,4595
192.168.1.64,2024-11-30 3:48,PUT,200,3333
192.168.1.147,2024-11-30 2:20,GET,200,9390
10.0.0.181,2024-11-30 15:57,OPTIONS,200,12008
192.168.1.145,2024-11-30 20:03,POST,404,4079
10.0.0.250,2024-12-01 0:50,OPTIONS,200,8236
10.0.0.253,2024-11-30 15:41,POST,404,1527
192.168.1.88,2024-11-30 23:49,DELETE,403,6492
10.0.0.1,2024-11-30 4:52,DELETE,200,5241
192.168.1.195,2024-11-30 7:09,PUT,200,3868
10.0.0.2,2024-11-30 12:58,PUT,200,8815
10.0.0.27,2024-11-30 14:46,DELETE,200,1985
10.0.0.172,2024-11-30 19:42,GET,301,277
10.0.0.136,2024-11-30 13:16,PUT,200,6879
10.0.0.209,2024-11-30 11:47,PUT,404,3002
10.0.0.59,2024-11-30 22:33,PUT,200,374
10.0.0.137,2024-11-30 13:26,DELETE,200,539
10.0.0.255,2024-11-30 16:51,PUT,201,3347
192.168.1.107,2024-11-30 3:09,POST,200,9006
10.0.0.118,2024-11-30 4:50,GET,200,8902
192.168.1.246,2024-11-30 13:39,POST,200,2336
10.0.0.33,2024-11-30 9:02,PUT,404,2077
10.0.0.33,2024-11-30 11:22,OPTIONS,301,6955
192.168.1.30,2024-11-30 18:07,POST,200,280
10.0.0.18,2024-11-30 22:17,DELETE,201,3116
10.0.0.72,2024-11-30 9:31,POST,403,18505
10.0.0.33,2024-12-01 0:22,POST,404,5619
192.168.1.223,2024-11-30 9:34,PUT,200,4930
192.168.1.218,2024-11-30 14:03,GET,403,5594
10.0.0.183,2024-11-30 13:49,POST,200,262
192.168.1.46,2024-11-30 18:00,OPTIONS,403,7554
10.0.0.43,2024-11-30 19:32,OPTIONS,200,6393
192.168.1.146,2024-11-30 9:28,OPTIONS,200,4307
192.168.1.175,2024-11-30 11:53,PUT,200,4162
10.0.0.208,2024-11-30 23:33,DELETE,404,529
10.0.0.227,2024-11-30 13:40,GET,403,1335
10.0.0.178,2024-11-30 6:41,PUT,503,5526
10.0.0.170,2024-11-30 3:25,GET,301,7746
10.0.0.111,2024-11-30 10:53,GET,201,8430
192.168.1.113,2024-11-30 20:06,GET,201,9943
10.0.0.137,2024-11-30 16:58,GET,301,7834
10.0.0.156,2024-11-30 19:28,PUT,403,2179
192.168.1.14,2024-11-30 3:55,DELETE,201,4791
192.168.1.216,2024-11-30 4:27,PUT,200,5509
192.168.1.56,2024-11-30 4:09,OPTIONS,200,12690
192.168.1.121,2024-11-30 19:04,GET,301,18222
192.168.1.90,2024-11-30 1:50,GET,200,3484
192.168.1.57,2024-11-30 17:55,OPTIONS,200,3274
10.0.0.27,2024-11-30 23:56,PUT,200,2094
10.0.0.108,2024-11-30 16:44,PUT,200,6477
192.168.1.141,2024-11-30 21:47,DELETE,201,2827
10.0.0.124,2024-11-30 23:57,POST,503,8446
10.0.0.46,2024-11-30 6:12,OPTIONS,404,6728
10.0.0.112,2024-11-30 14:50,DELETE,500,462
192.168.1.187,2024-12-01 0:08,OPTIONS,200,4814
10.0.0.102,2024-11-30 21:25,OPTIONS,201,638
10.0.0.55,2024-11-30 12:34,POST,500,5782
10.0.0.150,2024-11-30 13:10,DELETE,200,2698
10.0.0.91,2024-11-30 21:02,OPTIONS,404,9539
10.0.0.76,2024-11-30 4:37,OPTIONS,301,9580
192.168.1.114,2024-11-30 4:23,GET,200,2579
192.168.1.175,2024-11-30 13:56,OPTIONS,503,2495
10.0.0.2,2024-11-30 7:06,DELETE,403,3015
192.168.1.26,2024-11-30 17:27,PUT,200,5401
192.168.1.128,2024-11-30 9:07,PUT,200,9411
192.168.1.28,2024-11-30 6:32,PUT,200,7478
192.168.1.16,2024-11-30 21:56,PUT,301,2827
10.0.0.40,2024-11-30 8:45,POST,200,3251
192.168.1.158,2024-11-30 11:44,POST,200,5453
192.168.1.237,2024-11-30 11:22,OPTIONS,200,7315
10.0.0.218,2024-11-30 13:46,PUT,200,7520
10.0.0.230,2024-11-30 16:34,GET,404,3201
10.0.0.33,2024-11-30 21:04,GET,500,5356
192.168.1.119,2024-11-30 22:48,POST,503,5268
10.0.0.94,2024-11-30 20:10,DELETE,200,1179
10.0.0.240,2024-11-30 10:31,POST,200,9661
192.168.1.164,2024-12-01 0:35,PUT,200,3965
192.168.1.80,2024-11-30 12:19,DELETE,200,4961
10.0.0.173,2024-11-30 14:02,PUT,404,4514
10.0.0.160,2024-11-30 11:19,GET,200,7905
192.168.1.235,2024-11-30 15:45,POST,301,600
10.0.0.253,2024-11-30 5:25,DELETE,200,3826
10.0.0.61,2024-11-30 6:01,POST,404,6543
10.0.0.47,2024-11-30 2:54,PUT,301,6070
192.168.1.142,2024-11-30 12:37,OPTIONS,403,1091
10.0.0.255,2024-11-30 3:00,OPTIONS,200,1815
192.168.1.48,2024-11-30 22:05,OPTIONS,403,6082
192.168.1.173,2024-12-01 0:04,OPTIONS,200,785
192.168.1.51,2024-11-30 13:10,POST,200,7458
10.0.0.29,2024-11-30 20:47,PUT,200,3335
192.168.1.30,2024-11-30 12:40,GET,404,3002
10.0.0.93,2024-12-01 0:15,GET,403,7276
192.168.1.40,2024-11-30 6:16,OPTIONS,404,4042
10.0.0.42,2024-11-30 17:18,OPTIONS,200,9114
192.168.1.75,2024-11-30 1:59,PUT,301,8291
10.0.0.84,2024-11-30 21:41,DELETE,403,1214
192.168.1.156,2024-11-30 15:58,DELETE,200,2115
192.168.1.201,2024-11-30 21:25,OPTIONS,403,8878
192.168.1.37,2024-11-30 8:44,DELETE,200,4723
10.0.0.20,2024-11-30 2:25,POST,301,8529
192.168.1.37,2024-11-30 12:30,OPTIONS,200,5600
192.168.1.47,2024-11-30 13:50,DELETE,200,6564
192.168.1.43,2024-12-01 0:05,POST,500,9053
192.168.1.70,2024-11-30 8:12,OPTIONS,200,3686
192.168.1.153,2024-11-30 16:05,GET,200,396
10.0.0.166,2024-11-30 10:12,OPTIONS,200,9790
192.168.1.168,2024-11-30 22:34,DELETE,200,2400
10.0.0.190,2024-11-30 14:22,OPTIONS,201,6704
192.168.1.245,2024-11-30 18:03,POST,201,3102
192.168.1.70,2024-11-30 21:47,POST,301,2459
10.0.0.156,2024-11-30 10:28,POST,201,4762
10.0.0.193,2024-11-30 13:49,POST,200,6348
10.0.0.8,2024-11-30 20:25,PUT,200,6455
10.0.0.26,2024-11-30 6:24,GET,301,17836
192.168.1.242,2024-11-30 22:20,POST,403,13504
10.0.0.34,2024-11-30 17:50,OPTIONS,500,9577
10.0.0.177,2024-11-30 17:41,PUT,403,6423
10.0.0.251,2024-11-30 23:16,GET,201,6458
192.168.1.145,2024-11-30 18:37,GET,200,7764
192.168.1.60,2024-11-30 17:15,GET,500,8384
192.168.1.121,2024-11-30 6:26,DELETE,200,9961
192.168.1.164,2024-11-30 16:04,OPTIONS,200,2681
192.168.1.104,2024-11-30 6:21,PUT,201,269
10.0.0.10,2024-11-30 9:15,OPTIONS,201,9072
192.168.1.232,2024-11-30 6:34,DELETE,404,9836
10.0.0.112,2024-11-30 21:37,DELETE,200,3575
192.168.1.170,2024-11-30 7:30,GET,200,7260
192.168.1.29,2024-11-30 14:56,GET,201,3067
10.0.0.115,2024-11-30 9:36,OPTIONS,200,8940
10.0.0.137,2024-11-30 19:06,OPTIONS,301,6311
10.0.0.187,2024-11-30 23:24,POST,500,955
10.0.0.149,2024-11-30 19:16,PUT,200,169
192.168.1.141,2024-11-30 16:16,OPTIONS,200,4641
192.168.1.3,2024-12-01 1:26,DELETE,201,3257
192.168.1.157,2024-11-30 18:35,OPTIONS,200,6089
192.168.1.44,2024-11-30 23:56,POST,503,6199
10.0.0.143,2024-11-30 13:32,OPTIONS,200,6435
192.168.1.125,2024-11-30 4:13,OPTIONS,201,1056
10.0.0.87,2024-11-30 17:46,DELETE,200,3456
192.168.1.12,2024-11-30 10:02,PUT,200,2456
10.0.0.133,2024-11-30 18:49,DELETE,200,819
10.0.0.146,2024-11-30 11:06,GET,200,763
192.168.1.59,2024-11-30 17:12,OPTIONS,200,5420
192.168.1.255,2024-11-30 9:04,OPTIONS,201,2583
192.168.1.229,2024-11-30 22:25,PUT,200,2531
10.0.0.186,2024-11-30 15:02,POST,200,9784
10.0.0.162,2024-11-30 3:15,GET,404,9467
192.168.1.217,2024-11-30 23:03,POST,200,371
192.168.1.47,2024-11-30 3:24,PUT,301,2276
10.0.0.121,2024-11-30 3:46,PUT,200,9353
10.0.0.81,2024-12-01 1:11,PUT,403,7120
192.168.1.51,2024-11-30 15:56,POST,403,2843
10.0.0.103,2024-11-30 7:54,GET,503,6281
192.168.1.130,2024-11-30 20:48,OPTIONS,200,6757
192.168.1.35,2024-11-30 1:53,DELETE,200,12955
192.168.1.107,2024-11-30 23:20,POST,503,4957
192.168.1.105,2024-11-30 16:52,GET,200,9595
192.168.1.142,2024-11-30 13:21,PUT,500,7007
192.168.1.37,2024-12-01 0:24,GET,200,8462
10.0.0.118,2024-12-01 0:10,GET,200,16506
10.0.0.215,2024-11-30 6:12,OPTIONS,200,4565
192.168.1.18,2024-11-30 4:33,OPTIONS,404,19697
192.168.1.162,2024-12-01 0:37,GET,200,9170
10.0.0.245,2024-11-30 8:12,GET,200,7237
10.0.0.198,2024-11-30 21:24,POST,200,5197
10.0.0.11,2024-11-30 14:50,GET,200,2719
10.0.0.77,2024-11-30 2:31,OPTIONS,500,2307
192.168.1.184,2024-11-30 10:23,OPTIONS,403,4059
10.0.0.79,2024-11-30 17:21,PUT,200,4214
192.168.1.41,2024-11-30 11:37,GET,200,9245
192.168.1.55,2024-11-30 5:34,POST,404,682
10.0.0.225,2024-11-30 13:57,PUT,200,6172
10.0.0.194,2024-11-30 19:08,DELETE,503,6473
10.0.0.41,2024-11-30 5:55,DELETE,404,3882
192.168.1.244,2024-11-30 7:18,GET,500,7715
192.168.1.36,2024-11-30 8:13,OPTIONS,500,7155
192.168.1.34,2024-11-30 15:49,POST,200,3995
192.168.1.155,2024-11-30 23:36,PUT,200,6729
192.168.1.157,2024-11-30 15:34,OPTIONS,403,4618
10.0.0.231,2024-11-30 11:43,OPTIONS,200,1507
10.0.0.109,2024-11-30 4:40,OPTIONS,200,7338
10.0.0.241,2024-11-30 12:41,DELETE,200,3635
10.0.0.166,2024-11-30 17:03,GET,301,8329
10.0.0.203,2024-11-30 2:03,POST,200,2981
192.168.1.68,2024-11-30 6:01,DELETE,200,3701
192.168.1.151,2024-12-01 0:39,PUT,200,5146
192.168.1.98,2024-11-30 11:46,PUT,200,3779
10.0.0.127,2024-11-30 4:47,POST,301,4167
10.0.0.28,2024-11-30 19:02,DELETE,200,855
10.0.0.186,2024-11-30 12:31,OPTIONS,200,9726
10.0.0.88,2024-12-01 0:43,GET,200,7972
10.0.0.30,2024-11-30 15:36,DELETE,403,9737
10.0.0.221,2024-11-30 3:43,DELETE,200,1906
192.168.1.188,2024-11-30 15:01,OPTIONS,200,8697
10.0.0.83,2024-11-30 4:39,GET,200,8886
192.168.1.93,2024-11-30 14:11,GET,201,4994
192.168.1.172,2024-11-30 6:34,DELETE,403,6561
10.0.0.215,2024-11-30 12:22,GET,200,7888
10.0.0.161,2024-11-30 16:18,DELETE,301,6098
192.168.1.210,2024-11-30 9:29,GET,200,2669
10.0.0.118,2024-11-30 15:19,GET,200,2021
10.0.0.103,2024-11-30 4:17,POST,200,7274
192.168.1.153,2024-11-30 19:16,POST,200,6753
192.168.1.231,2024-11-30 19:16,POST,200,4104
10.0.0.194,2024-11-30 21:09,DELETE,200,9339
192.168.1.154,2024-11-30 20:55,GET,200,2316
192.168.1.185,2024-11-30 11:02,OPTIONS,301,6802
10.0.0.184,2024-11-30 8:52,POST,503,6049
10.0.0.172,2024-11-30 23:29,DELETE,200,7346
192.168.1.20,2024-11-30 5:10,POST,503,9679
192.168.1.123,2024-11-30 16:08,POST,200,8755
10.0.0.9,2024-11-30 5:47,OPTIONS,301,175
192.168.1.29,2024-11-30 4:01,OPTIONS,500,7409
192.168.1.123,2024-11-30 5:37,GET,200,7262
10.0.0.28,2024-11-30 7:11,DELETE,201,19396
10.0.0.120,2024-11-30 10:34,DELETE,301,8761
10.0.0.81,2024-11-30 10:24,OPTIONS,200,9050
192.168.1.182,2024-11-30 20:43,GET,200,1521
10.0.0.53,2024-11-30 16:57,POST,201,5270
10.0.0.151,2024-11-30 12:39,PUT,200,5666
192.168.1.252,2024-11-30 18:09,DELETE,200,2784
10.0.0.249,2024-11-30 19:36,DELETE,404,1908
192.168.1.105,2024-11-30 11:10,OPTIONS,200,9794
192.168.1.110,2024-11-30 4:40,POST,404,8513
10.0.0.24,2024-11-30 9:22,GET,200,134
10.0.0.112,2024-11-30 22:45,GET,403,4968
192.168.1.174,2024-11-30 9:04,GET,200,7390
192.168.1.248,2024-11-30 1:53,POST,500,4620
10.0.0.166,2024-11-30 5:12,PUT,201,668
192.168.1.202,2024-11-30 3:05,DELETE,201,4901
10.0.0.125,2024-11-30 13:57,POST,403,6674
192.168.1.234,2024-11-30 4:33,PUT,200,9733
192.168.1.25,2024-11-30 13:11,PUT,404,19253
192.168.1.51,2024-11-30 11:02,GET,301,5809
192.168.1.47,2024-11-30 18:34,GET,200,521
192.168.1.132,2024-11-30 2:04,OPTIONS,200,2544
10.0.0.184,2024-11-30 2:11,OPTIONS,200,9119
10.0.0.46,2024-11-30 12:10,OPTIONS,404,9405
10.0.0.211,2024-11-30 10:25,POST,500,5806
10.0.0.94,2024-11-30 5:25,POST,200,5552
192.168.1.200,2024-11-30 13:08,POST,403,223
192.168.1.49,2024-11-30 5:20,DELETE,200,4125
10.0.0.148,2024-11-30 21:05,PUT,301,5316
192.168.1.196,2024-11-30 22:27,PUT,200,9870
192.168.1.251,2024-11-30 11:51,PUT,200,2450
10.0.0.91,2024-12-01 0:30,POST,500,4810
10.0.0.124,2024-11-30 9:43,OPTIONS,503,8165
192.168.1.162,2024-11-30 22:59,PUT,201,9567
10.0.0.18,2024-11-30 15:25,GET,200,453
192.168.1.117,2024-11-30 6:43,PUT,200,4514
192.168.1.133,2024-11-30 10:43,PUT,200,1602
10.0.0.165,2024-11-30 12:47,OPTIONS,403,4322
192.168.1.43,2024-11-30 22:27,POST,200,9313
10.0.0.103,2024-11-30 9:47,OPTIONS,301,234
10.0.0.184,2024-11-30 9:47,GET,200,2521
10.0.0.219,2024-12-01 1:04,OPTIONS,200,5391
10.0.0.80,2024-11-30 22:01,PUT,500,1843
10.0.0.177,2024-11-30 17:26,PUT,200,5356
192.168.1.78,2024-11-30 22:49,GET,403,13180
10.0.0.166,2024-11-30 5:40,POST,200,3576
10.0.0.118,2024-12-01 0:23,POST,200,7107
192.168.1.195,2024-11-30 12:52,POST,404,1078
192.168.1.75,2024-11-30 9:26,PUT,200,3739
192.168.1.3,2024-11-30 13:45,OPTIONS,201,6959
10.0.0.234,2024-11-30 10:13,PUT,200,6633
10.0.0.213,2024-11-30 14:16,GET,200,8774
10.0.0.96,2024-11-30 15:22,GET,403,8378
192.168.1.124,2024-11-30 1:50,POST,301,7610
10.0.0.151,2024-11-30 17:59,GET,200,7972
192.168.1.128,2024-11-30 6:28,POST,404,13309
192.168.1.133,2024-11-30 10:32,GET,200,9230
10.0.0.65,2024-11-30 1:57,PUT,301,2181
10.0.0.159,2024-11-30 2:20,DELETE,200,6564
192.168.1.28,2024-11-30 10:04,PUT,200,9642
192.168.1.134,2024-11-30 5:39,OPTIONS,200,4560
192.168.1.28,2024-11-30 22:21,PUT,200,5260
10.0.0.24,2024-11-30 6:44,PUT,403,7623
10.0.0.227,2024-11-30 3:12,GET,200,497
10.0.0.199,2024-11-30 11:18,OPTIONS,404,8557
192.168.1.196,2024-11-30 4:21,GET,200,5177
192.168.1.30,2024-11-30 9:11,DELETE,200,18898
192.168.1.149,2024-11-30 1:47,GET,200,463
10.0.0.204,2024-11-30 3:05,PUT,404,5020
10.0.0.181,2024-11-30 23:18,DELETE,200,7195
192.168.1.54,2024-12-01 0:18,PUT,301,9632
10.0.0.111,2024-11-30 5:28,DELETE,404,275
192.168.1.172,2024-11-30 21:29,DELETE,403,2575
10.0.0.169,2024-11-30 20:39,GET,503,4793
10.0.0.132,2024-11-30 14:06,DELETE,200,9219
192.168.1.248,2024-12-01 1:34,PUT,403,591
10.0.0.235,2024-11-30 23:42,GET,200,8679
10.0.0.173,2024-11-30 16:00,DELETE,200,2028
192.168.1.119,2024-11-30 10:22,POST,503,2970
192.168.1.153,2024-11-30 22:29,GET,201,5345
10.0.0.189,2024-11-30 13:53,GET,301,170
192.168.1.140,2024-11-30 3:50,DELETE,503,2878
10.0.0.155,2024-11-30 10:12,PUT,201,4111
192.168.1.121,2024-12-01 1:05,PUT,200,1667
192.168.1.162,2024-12-01 0:09,PUT,301,3469
192.168.1.179,2024-11-30 15:13,POST,403,2947
10.0.0.188,2024-11-30 19:23,POST,404,1392
192.168.1.171,2024-11-30 8:07,PUT,301,134
192.168.1.33,2024-11-30 19:55,GET,200,12199
192.168.1.135,2024-11-30 9:46,PUT,301,6966
192.168.1.39,2024-11-30 20:16,DELETE,403,1199
192.168.1.166,2024-11-30 4:52,OPTIONS,500,2539
192.168.1.192,2024-11-30 9:14,OPTIONS,200,2369
192.168.1.6,2024-11-30 20:17,GET,404,2783
192.168.1.15,2024-11-30 22:18,DELETE,200,7239
10.0.0.209,2024-11-30 20:36,GET,200,4697
192.168.1.204,2024-12-01 1:32,GET,200,13475
192.168.1.110,2024-12-01 1:40,POST,200,7392
192.168.1.149,2024-11-30 19:25,POST,201,2386
192.168.1.166,2024-11-30 9:41,OPTIONS,404,1107
192.168.1.24,2024-11-30 16:28,PUT,201,5651
192.168.1.221,2024-11-30 1:59,POST,200,9082
192.168.1.250,2024-11-30 11:40,GET,404,7472
10.0.0.71,2024-11-30 4:17,PUT,503,3911
10.0.0.55,2024-11-30 3:57,POST,503,9663
192.168.1.132,2024-11-30 13:24,GET,200,5189
10.0.0.196,2024-11-30 9:08,GET,200,4803
192.168.1.108,2024-11-30 12:33,GET,200,5219
192.168.1.18,2024-11-30 8:21,OPTIONS,200,2568
10.0.0.91,2024-11-30 13:05,PUT,200,2579
192.168.1.255,2024-12-01 0:53,PUT,201,4348
192.168.1.65,2024-11-30 5:06,GET,503,962
192.168.1.51,2024-11-30 17:12,OPTIONS,200,6500
10.0.0.116,2024-11-30 21:50,OPTIONS,200,3854
192.168.1.2,2024-11-30 8:23,GET,404,4338
10.0.0.1,2024-11-30 21:23,DELETE,503,9037
