"last_name, first_name","player_id","year","player_age","ab","hit","home_run","strikeout","on_base_plus_slg","r_total_stolen_base"
"Ortiz, David",120074,2016,40,537,169,38,86,"1.021","2"
"Beltré, Adrian",134181,2016,37,583,175,32,66,"0.879","1"
"Beltrán, Carlos",136860,2016,39,552,163,29,101,"0.850","1"
"Werth, Jayson",150029,2016,37,525,128,21,139,"0.752","5"
"Martinez, Victor",400121,2016,37,553,160,27,90,"0.827","0"
"Utley, Chase",400284,2016,37,512,129,14,115,"0.715","2"
"Pujols, Albert",405395,2016,36,593,159,31,75,"0.780","4"
"Mauer, Joe",408045,2016,33,494,129,11,93,"0.752","2"
"Cabrera, Miguel",408234,2016,33,595,188,38,116,"0.956","0"
"González, Adrián",408236,2016,34,568,162,18,117,"0.784","0"
"Phillips, Brandon",408252,2016,35,550,160,11,68,"0.736","14"
"Upton, B.J.",425834,2016,31,492,117,20,155,"0.693","27"
"Molina, Yadier",425877,2016,33,534,164,8,63,"0.787","3"
"Canó, Robinson",429664,2016,33,655,195,39,100,"0.883","0"
"Encarnación, Edwin",429665,2016,33,601,158,42,138,"0.886","2"
"Bautista, José",430832,2016,35,423,99,22,103,"0.818","2"
"Jones, Adam",430945,2016,30,619,164,29,115,"0.746","2"
"Martin, Russell",431145,2016,33,455,105,20,148,"0.733","2"
"Granderson, Curtis",434158,2016,35,545,129,30,130,"0.799","4"
"Pagán, Ángel",434636,2016,34,495,137,12,66,"0.749","15"
"Ramirez, Hanley",434670,2016,32,549,157,30,120,"0.866","9"
"Morales, Kendrys",434778,2016,33,558,147,30,120,"0.795","0"
"Kendrick, Howie",435062,2016,32,487,124,8,96,"0.692","10"
"Napoli, Mike",435063,2016,34,557,133,34,194,"0.800","5"
"Kinsler, Ian",435079,2016,34,618,178,28,115,"0.832","14"
"Desmond, Ian",435622,2016,30,625,178,22,160,"0.781","21"
"Cruz, Nelson",443558,2016,35,589,169,43,159,"0.915","2"
"Trumbo, Mark",444432,2016,30,613,157,47,170,"0.849","2"
"Escobar, Alcides",444876,2016,29,637,166,7,96,"0.642","17"
"Prado, Martín",445988,2016,32,600,183,8,69,"0.776","2"
"Longoria, Evan",446334,2016,30,633,173,36,144,"0.839","0"
"Cozart, Zack",446359,2016,30,464,117,16,84,"0.733","4"
"Davis, Chris",448801,2016,30,566,125,38,219,"0.791","1"
"Zobrist, Ben",450314,2016,35,523,142,18,82,"0.832","6"
"Fowler, Dexter",451594,2016,30,456,126,13,124,"0.840","13"
"Headley, Chase",452104,2016,32,467,118,14,118,"0.716","8"
"Span, Denard",452655,2016,32,572,152,11,79,"0.712","12"
"Cabrera, Asdrúbal",452678,2016,30,521,146,23,103,"0.810","5"
"Ellsbury, Jacoby",453056,2016,32,551,145,9,84,"0.704","20"
"Tulowitzki, Troy",453064,2016,31,492,125,24,101,"0.761","1"
"Blackmon, Charlie",453568,2016,29,578,187,29,102,"0.933","17"
"Frazier, Todd",453943,2016,30,590,133,40,163,"0.766","15"
"Markakis, Nick",455976,2016,32,599,161,13,101,"0.743","0"
"Pedroia, Dustin",456030,2016,32,633,201,15,73,"0.825","7"
"Núñez, Eduardo",456488,2016,29,553,159,16,88,"0.757","40"
"McCutchen, Andrew",457705,2016,29,598,153,24,143,"0.766","6"
"Upton, Justin",457708,2016,28,570,140,31,179,"0.775","9"
"Turner, Justin",457759,2016,31,556,153,27,107,"0.832","4"
"Posey, Buster",457763,2016,29,539,155,14,68,"0.796","6"
"Espinosa, Danny",457787,2016,29,516,108,24,174,"0.684","9"
"Bruce, Jay",457803,2016,29,539,135,33,126,"0.815","4"
"Votto, Joey",458015,2016,32,556,181,29,120,"0.984","8"
"Gardner, Brett",458731,2016,32,547,143,7,106,"0.713","16"
"Saunders, Michael",459431,2016,29,490,124,24,157,"0.816","1"
"Braun, Ryan",460075,2016,32,511,156,30,98,"0.903","16"
"Gordon, Alex",460086,2016,32,445,98,17,148,"0.692","8"
"Kemp, Matt",461314,2016,31,623,167,35,156,"0.803","1"
"Andrus, Elvis",462101,2016,27,506,153,8,70,"0.801","24"
"Cabrera, Melky",466320,2016,31,591,175,14,69,"0.800","2"
"Ramos, Wilson",467092,2016,28,482,148,22,79,"0.850","0"
"Santana, Carlos",467793,2016,30,582,151,34,99,"0.864","5"
"González, Carlos",471865,2016,30,584,174,25,129,"0.855","2"
"Mercer, Jordy",474568,2016,29,519,133,11,83,"0.702","1"
"Belt, Brandon",474832,2016,28,542,149,17,148,"0.868","0"
"Carter, Chris",474892,2016,29,549,122,41,206,"0.820","3"
"Alonso, Yonder",475174,2016,29,482,122,7,74,"0.683","3"
"Escobar, Yunel",488862,2016,33,517,157,5,67,"0.746","0"
"Cespedes, Yoenis",493316,2016,30,479,134,31,108,"0.884","3"
"Ramirez, Alexei",493351,2016,34,478,115,6,63,"0.610","8"
"Davis, Khris",501981,2016,28,555,137,42,166,"0.831","1"
"Martinez, J.D.",502110,2016,28,460,141,22,128,"0.908","1"
"Valencia, Danny",502143,2016,31,471,135,17,115,"0.792","1"
"Murphy, Daniel",502517,2016,31,531,184,25,57,"0.985","5"
"Goldschmidt, Paul",502671,2016,28,579,172,24,150,"0.900","32"
"Gonzalez, Marwin",503556,2016,27,484,123,13,118,"0.694","12"
"Altuve, Jose",514888,2016,26,640,216,24,70,"0.927","30"
"Hernández, César",514917,2016,26,547,161,6,116,"0.764","17"
"Segura, Jean",516416,2016,26,637,203,20,101,"0.867","33"
"Castro, Starlin",516770,2016,26,577,156,21,118,"0.733","4"
"Marte, Starling",516782,2016,27,489,152,9,104,"0.818","47"
"Donaldson, Josh",518626,2016,30,577,164,37,119,"0.953","7"
"Freeman, Freddie",518692,2016,26,589,178,34,171,"0.969","6"
"Heyward, Jason",518792,2016,26,530,122,7,93,"0.631","11"
"LeMahieu, DJ",518934,2016,27,552,192,11,80,"0.911","11"
"Lucroy, Jonathan",518960,2016,30,490,143,24,100,"0.855","5"
"Moreland, Mitch",519048,2016,30,460,107,22,118,"0.720","1"
"Rizzo, Anthony",519203,2016,26,583,170,32,108,"0.929","3"
"Vogt, Stephen",519390,2016,31,490,123,14,83,"0.711","0"
"Galvis, Freddy",520471,2016,26,584,141,20,136,"0.673","17"
"Perez, Salvador",521692,2016,26,514,127,22,119,"0.726","0"
"Forsythe, Logan",523253,2016,29,511,135,20,127,"0.777","6"
"Inciarte, Ender",542255,2016,25,522,152,3,68,"0.732","16"
"Ozuna, Marcell",542303,2016,25,557,148,23,115,"0.773","0"
"Villar, Jonathan",542340,2016,25,589,168,19,174,"0.826","62"
"Crawford, Brandon",543063,2016,29,553,152,12,115,"0.772","7"
"Harrison, Josh",543281,2016,28,487,138,4,76,"0.699","19"
"Hosmer, Eric",543333,2016,26,605,161,25,132,"0.761","5"
"Kipnis, Jason",543401,2016,29,610,168,23,146,"0.812","15"
"Miller, Brad",543543,2016,26,548,133,30,149,"0.786","6"
"Rendon, Anthony",543685,2016,26,567,153,20,117,"0.798","12"
"Semien, Marcus",543760,2016,25,568,135,27,139,"0.735","10"
"Shaw, Travis",543768,2016,26,480,116,16,133,"0.727","5"
"Springer, George",543807,2016,26,644,168,29,178,"0.816","9"
"Gregorius, Didi",544369,2016,26,562,155,20,82,"0.751","7"
"Trout, Mike",545361,2016,24,549,173,29,137,"0.991","30"
"Herrera, Odúbel",546318,2016,24,583,167,15,134,"0.781","25"
"Harper, Bryce",547180,2016,23,506,123,24,117,"0.814","21"
"Martin, Leonys",547982,2016,28,518,128,15,149,"0.684","24"
"Abreu, José",547989,2016,29,624,183,25,125,"0.821","0"
"Suárez, Eugenio",553993,2016,24,565,140,21,155,"0.728","11"
"Polanco, Gregory",570256,2016,24,527,136,22,119,"0.786","17"
"Schoop, Jonathan",570731,2016,24,615,164,25,137,"0.752","1"
"Arenado, Nolan",571448,2016,25,618,182,41,103,"0.932","2"
"Gennett, Scooter",571697,2016,26,498,131,14,114,"0.729","8"
"Lamb, Jake",571875,2016,25,523,130,29,154,"0.841","6"
"Myers, Wil",571976,2016,25,599,155,28,160,"0.797","28"
"Piscotty, Stephen",572039,2016,25,582,159,22,133,"0.800","7"
"Seager, Kyle",572122,2016,28,597,166,30,108,"0.858","3"
"Carpenter, Matt",572761,2016,30,473,128,21,108,"0.885","0"
"Dickerson, Corey",572816,2016,27,510,125,24,134,"0.762","0"
"Dozier, Brian",572821,2016,29,615,165,42,138,"0.886","18"
"Iglesias, Jose",578428,2016,26,467,119,4,50,"0.642","7"
"Hechavarría, Adeiny",588751,2016,27,508,120,3,73,"0.594","1"
"Bryant, Kris",592178,2016,24,603,176,39,154,"0.939","8"
"Machado, Manny",592518,2016,23,640,188,37,120,"0.876","0"
"Realmuto, J.T.",592663,2016,25,509,154,11,100,"0.771","12"
"Yelich, Christian",592885,2016,24,578,172,21,138,"0.859","9"
"Bogaerts, Xander",593428,2016,23,652,192,21,123,"0.802","13"
"Calhoun, Kole",594777,2016,28,594,161,18,118,"0.786","2"
"Duvall, Adam",594807,2016,27,552,133,33,164,"0.795","6"
"Eaton, Adam",594809,2016,27,619,176,14,115,"0.790","14"
"Lindor, Francisco",596019,2016,22,604,182,15,88,"0.793","19"
"Odor, Rougned",596059,2016,22,605,164,33,135,"0.798","14"
"Cuthbert, Cheslor",596144,2016,23,475,130,12,96,"0.731","2"
"Franco, Maikel",596748,2016,23,581,148,25,106,"0.733","1"
"Bradley Jr., Jackie",598265,2016,26,558,149,26,143,"0.835","9"
"Betts, Mookie",605141,2016,23,672,214,31,80,"0.897","26"
"Panik, Joe",605412,2016,25,464,111,10,47,"0.694","5"
"Pillar, Kevin",607680,2016,27,548,146,7,90,"0.679","14"
"Ramírez, José",608070,2016,23,565,176,11,62,"0.825","22"
"Russell, Addison",608365,2016,22,525,125,21,135,"0.738","5"
"Seager, Corey",608369,2016,22,627,193,26,133,"0.877","3"
"Mazara, Nomar",608577,2016,21,516,137,20,112,"0.739","0"
"García, Adonis",611177,2016,31,532,145,14,93,"0.717","3"
"Correa, Carlos",621043,2016,21,577,158,20,139,"0.812","13"
"Tomás, Yasmany",630111,2016,25,530,144,31,136,"0.821","2"
"Beltrán, Carlos",136860,2017,40,467,108,14,102,"0.666","0"
"Pujols, Albert",405395,2017,37,593,143,23,93,"0.672","3"
"Mauer, Joe",408045,2017,34,525,160,7,83,"0.801","2"
"Cabrera, Miguel",408234,2017,34,469,117,16,110,"0.728","0"
"Phillips, Brandon",408252,2017,36,572,163,13,73,"0.735","11"
"Reyes, José",408314,2017,34,501,123,15,79,"0.728","24"
"Choo, Shin-Soo",425783,2017,34,544,142,22,134,"0.780","12"
"Molina, Yadier",425877,2017,34,501,137,18,74,"0.751","9"
"Canó, Robinson",429664,2017,34,592,166,23,85,"0.791","1"
"Encarnación, Edwin",429665,2017,34,554,143,38,133,"0.881","2"
"Bautista, José",430832,2017,36,587,119,23,170,"0.674","6"
"Jones, Adam",430945,2017,31,597,170,26,113,"0.788","2"
"Granderson, Curtis",434158,2017,36,449,95,26,123,"0.775","6"
"Ramirez, Hanley",434670,2017,33,496,120,23,116,"0.749","1"
"Morales, Kendrys",434778,2017,34,557,139,28,132,"0.753","0"
"Kinsler, Ian",435079,2017,35,551,130,22,86,"0.725","14"
"Cruz, Nelson",443558,2017,36,556,160,39,140,"0.924","1"
"Trumbo, Mark",444432,2017,31,559,131,23,149,"0.686","1"
"Peralta, David",444482,2017,29,525,154,14,94,"0.796","8"
"Escobar, Alcides",444876,2017,30,599,150,6,102,"0.629","4"
"Longoria, Evan",446334,2017,31,613,160,20,109,"0.737","6"
"Cozart, Zack",446359,2017,31,438,130,24,78,"0.933","3"
"Reynolds, Mark",448602,2017,33,520,139,30,175,"0.839","2"
"Davis, Chris",448801,2017,31,456,98,26,195,"0.732","1"
"Headley, Chase",452104,2017,33,512,140,12,132,"0.758","9"
"Pence, Hunter",452254,2017,34,493,128,13,102,"0.700","2"
"Span, Denard",452655,2017,33,497,135,12,69,"0.756","12"
"Cabrera, Asdrúbal",452678,2017,31,479,134,14,83,"0.785","3"
"Blackmon, Charlie",453568,2017,30,644,213,37,135,"1.000","14"
"Frazier, Todd",453943,2017,31,474,101,27,125,"0.772","4"
"Markakis, Nick",455976,2017,33,593,163,8,110,"0.738","0"
"Cain, Lorenzo",456715,2017,31,584,175,15,100,"0.803","26"
"McCutchen, Andrew",457705,2017,30,570,159,28,116,"0.849","11"
"Upton, Justin",457708,2017,29,557,152,35,180,"0.901","14"
"Turner, Justin",457759,2017,32,457,147,21,56,"0.945","7"
"Posey, Buster",457763,2017,30,494,158,12,66,"0.862","6"
"Bruce, Jay",457803,2017,30,555,141,36,139,"0.832","1"
"Votto, Joey",458015,2017,33,559,179,36,83,"1.032","5"
"Gardner, Brett",458731,2017,33,594,157,21,122,"0.778","23"
"Joyce, Matt",459964,2017,32,469,114,25,113,"0.808","4"
"Gordon, Alex",460086,2017,33,476,99,9,126,"0.608","7"
"Andrus, Elvis",462101,2017,28,643,191,20,101,"0.808","25"
"Cabrera, Melky",466320,2017,32,620,177,17,74,"0.747","1"
"Santana, Carlos",467793,2017,31,571,148,23,94,"0.818","5"
"González, Carlos",471865,2017,31,470,123,14,119,"0.762","3"
"Mercer, Jordy",474568,2017,30,502,128,14,88,"0.732","0"
"Alonso, Yonder",475174,2017,30,451,120,28,118,"0.866","2"
"Smoak, Justin",475253,2017,30,560,151,38,128,"0.884","0"
"Zimmerman, Ryan",475582,2017,32,524,159,36,126,"0.931","1"
"Lowrie, Jed",476704,2017,33,567,157,14,100,"0.808","0"
"Morrison, Logan",489149,2017,29,512,126,38,149,"0.869","2"
"Gurriel, Yuli",493329,2017,33,529,158,18,62,"0.818","3"
"Solarte, Yangervis",500208,2017,29,466,119,18,61,"0.730","3"
"Freese, David",501896,2017,34,426,112,10,116,"0.739","0"
"Davis, Khris",501981,2017,29,566,140,43,195,"0.864","4"
"Pham, Tommy",502054,2017,29,444,136,23,117,"0.931","25"
"Reddick, Josh",502210,2017,30,477,150,13,72,"0.847","7"
"Murphy, Daniel",502517,2017,32,534,172,23,77,"0.927","2"
"Goldschmidt, Paul",502671,2017,29,558,166,36,147,"0.967","18"
"Gonzalez, Marwin",503556,2017,28,455,138,23,99,"0.907","8"
"Altuve, Jose",514888,2017,27,590,204,24,84,"0.957","32"
"Hernández, César",514917,2017,27,511,150,9,104,"0.794","15"
"Segura, Jean",516416,2017,27,524,157,11,83,"0.776","22"
"Freeman, Freddie",518692,2017,27,440,135,28,95,"0.989","8"
"LeMahieu, DJ",518934,2017,28,609,189,8,90,"0.783","6"
"Moreland, Mitch",519048,2017,31,508,125,22,120,"0.769","0"
"Moustakas, Mike",519058,2017,28,555,151,38,94,"0.835","0"
"Rizzo, Anthony",519203,2017,27,572,156,32,90,"0.899","10"
"Souza Jr., Steven",519306,2017,28,523,125,30,179,"0.810","16"
"Stanton, Giancarlo",519317,2017,27,597,168,59,163,"1.007","2"
"Thames, Eric",519346,2017,30,469,116,31,163,"0.877","4"
"Galvis, Freddy",520471,2017,27,608,155,12,111,"0.691","14"
"García, Avisaíl",541645,2017,26,518,171,18,111,"0.886","5"
"Inciarte, Ender",542255,2017,26,662,201,11,94,"0.759","22"
"Ozuna, Marcell",542303,2017,26,613,191,37,144,"0.924","1"
"Beckham, Tim",542921,2017,27,533,148,22,167,"0.782","6"
"Crawford, Brandon",543063,2017,30,518,131,14,113,"0.708","3"
"Harrison, Josh",543281,2017,29,486,132,16,90,"0.771","12"
"Hosmer, Eric",543333,2017,27,603,192,25,104,"0.883","6"
"Rendon, Anthony",543685,2017,27,508,153,25,82,"0.936","7"
"Shaw, Travis",543768,2017,27,538,147,31,138,"0.862","10"
"Springer, George",543807,2017,27,548,155,34,111,"0.889","5"
"Strange-Gordon, Dee",543829,2017,29,653,201,2,93,"0.716","60"
"Gregorius, Didi",544369,2017,27,534,153,25,70,"0.796","3"
"Trout, Mike",545361,2017,25,402,123,33,90,"1.071","22"
"Herrera, Odúbel",546318,2017,25,526,148,14,126,"0.777","8"
"Abreu, José",547989,2017,30,621,189,33,119,"0.906","3"
"Suárez, Eugenio",553993,2017,25,534,139,26,147,"0.828","4"
"Santana, Domingo",570267,2017,24,525,146,30,178,"0.876","15"
"Sánchez, Yolmer",570560,2017,25,484,129,12,111,"0.732","8"
"Schoop, Jonathan",570731,2017,25,622,182,32,142,"0.841","1"
"Arenado, Nolan",571448,2017,26,606,187,37,106,"0.959","3"
"Hamilton, Billy",571740,2017,26,582,144,4,133,"0.634","59"
"Joseph, Tommy",571830,2017,25,495,119,22,129,"0.721","1"
"Lamb, Jake",571875,2017,26,536,133,30,152,"0.844","6"
"Myers, Wil",571976,2017,26,567,138,30,180,"0.792","20"
"Seager, Kyle",572122,2017,29,578,144,27,110,"0.773","2"
"Carpenter, Matt",572761,2017,31,497,120,23,125,"0.835","2"
"Dickerson, Corey",572816,2017,28,588,166,27,152,"0.815","4"
"Dozier, Brian",572821,2017,30,617,167,34,141,"0.857","15"
"Bryant, Kris",592178,2017,25,549,162,29,128,"0.946","7"
"Castellanos, Nick",592206,2017,25,614,167,26,142,"0.810","4"
"Gamel, Ben",592325,2017,25,509,140,11,122,"0.735","4"
"Healy, Ryon",592387,2017,25,576,156,25,142,"0.753","0"
"Judge, Aaron",592450,2017,25,542,154,52,208,"1.049","9"
"Machado, Manny",592518,2017,24,630,163,33,115,"0.781","9"
"Realmuto, J.T.",592663,2017,26,532,148,17,106,"0.783","8"
"Rosario, Eddie",592696,2017,25,542,157,27,106,"0.835","9"
"Simmons, Andrelton",592743,2017,27,589,164,14,67,"0.752","19"
"Yelich, Christian",592885,2017,25,602,170,18,137,"0.808","16"
"Merrifield, Whit",593160,2017,28,587,169,19,88,"0.784","34"
"Bogaerts, Xander",593428,2017,24,571,156,10,116,"0.746","15"
"Polanco, Jorge",593871,2017,23,488,125,13,78,"0.723","13"
"Calhoun, Kole",594777,2017,29,569,139,19,134,"0.725","5"
"Duvall, Adam",594807,2017,28,587,146,31,170,"0.781","5"
"Schebler, Scott",594988,2017,26,473,110,30,125,"0.791","5"
"Báez, Javier",595879,2017,24,469,128,23,144,"0.797","10"
"Lindor, Francisco",596019,2017,23,651,178,33,93,"0.842","15"
"Odor, Rougned",596059,2017,23,607,124,30,162,"0.649","15"
"Story, Trevor",596115,2017,24,503,120,24,191,"0.765","7"
"Sánchez, Gary",596142,2017,24,471,131,33,120,"0.876","2"
"Kepler, Max",596146,2017,24,511,124,19,114,"0.737","6"
"Franco, Maikel",596748,2017,24,575,132,24,95,"0.690","0"
"Bradley Jr., Jackie",598265,2017,27,482,118,17,124,"0.725","8"
"Bell, Josh",605137,2017,24,549,140,26,117,"0.800","2"
"Betts, Mookie",605141,2017,24,628,166,24,79,"0.803","26"
"Panik, Joe",605412,2017,26,511,147,10,54,"0.768","4"
"Arcia, Orlando",606115,2017,22,506,140,15,100,"0.731","14"
"Peraza, José",606299,2017,23,487,126,5,70,"0.621","23"
"Pillar, Kevin",607680,2017,28,587,150,16,95,"0.704","15"
"Ramírez, José",608070,2017,24,585,186,29,69,"0.957","17"
"Bregman, Alex",608324,2017,23,556,158,19,97,"0.827","17"
"Gallo, Joey",608336,2017,23,449,94,41,196,"0.870","7"
"Seager, Corey",608369,2017,23,539,159,22,131,"0.854","4"
"Mazara, Nomar",608577,2017,22,554,140,20,127,"0.745","2"
"Swanson, Dansby",621020,2017,23,488,113,6,120,"0.636","3"
"Taylor, Chris",621035,2017,26,514,148,21,142,"0.850","17"
"Buxton, Byron",621439,2017,23,462,117,16,150,"0.727","29"
"Margot, Manuel",622534,2017,22,487,128,13,106,"0.722","17"
"Puig, Yasiel",624577,2017,26,499,131,28,100,"0.833","15"
"Anderson, Tim",641313,2017,24,587,151,17,162,"0.678","15"
"Bellinger, Cody",641355,2017,21,480,128,39,146,"0.933","10"
"Mancini, Trey",641820,2017,25,543,159,24,139,"0.826","1"
"Benintendi, Andrew",643217,2017,22,573,155,20,112,"0.776","20"
"Martinez, Victor",400121,2018,39,467,117,9,49,"0.650","0"
"Mauer, Joe",408045,2018,35,486,137,6,86,"0.730","0"
"Choo, Shin-Soo",425783,2018,35,560,148,21,156,"0.811","6"
"Molina, Yadier",425877,2018,35,459,120,20,66,"0.750","4"
"Encarnación, Edwin",429665,2018,35,500,123,32,132,"0.810","3"
"Jones, Adam",430945,2018,32,580,163,15,93,"0.732","7"
"Kinsler, Ian",435079,2018,36,487,117,14,64,"0.681","16"
"Desmond, Ian",435622,2018,32,555,131,22,146,"0.729","20"
"Cruz, Nelson",443558,2018,37,519,133,37,122,"0.851","1"
"Peralta, David",444482,2018,30,560,164,30,124,"0.868","4"
"Escobar, Alcides",444876,2018,31,485,112,4,74,"0.592","8"
"Jay, Jon",445055,2018,33,527,141,3,95,"0.677","4"
"Longoria, Evan",446334,2018,32,480,117,16,101,"0.693","3"
"Davis, Chris",448801,2018,32,470,79,16,192,"0.539","2"
"Zobrist, Ben",450314,2018,37,455,139,9,60,"0.818","3"
"Cabrera, Asdrúbal",452678,2018,32,546,143,23,119,"0.774","0"
"Blackmon, Charlie",453568,2018,31,626,182,29,134,"0.860","12"
"Markakis, Nick",455976,2018,34,623,185,14,80,"0.806","1"
"Núñez, Eduardo",456488,2018,31,480,127,10,69,"0.677","7"
"Cain, Lorenzo",456715,2018,32,539,166,10,94,"0.812","30"
"McCutchen, Andrew",457705,2018,31,569,145,20,145,"0.792","14"
"Upton, Justin",457708,2018,30,533,137,30,176,"0.807","8"
"Votto, Joey",458015,2018,34,503,143,12,101,"0.836","2"
"Gardner, Brett",458731,2018,34,530,125,12,107,"0.690","16"
"Gordon, Alex",460086,2018,34,506,124,13,124,"0.694","12"
"Kemp, Matt",461314,2018,33,462,134,21,115,"0.819","0"
"Santana, Carlos",467793,2018,32,560,128,24,93,"0.766","2"
"González, Carlos",471865,2018,32,463,128,16,113,"0.796","5"
"Alonso, Yonder",475174,2018,31,516,129,23,123,"0.738","0"
"Smoak, Justin",475253,2018,31,505,122,25,156,"0.807","0"
"Lowrie, Jed",476704,2018,34,596,159,23,128,"0.801","0"
"Brantley, Michael",488726,2018,31,570,176,17,60,"0.832","12"
"Gurriel, Yuli",493329,2018,34,537,156,13,63,"0.751","5"
"Solarte, Yangervis",500208,2018,30,468,106,17,72,"0.655","1"
"Rojas, Miguel",500743,2018,29,488,123,11,69,"0.643","6"
"Escobar, Eduardo",500871,2018,29,566,154,23,126,"0.823","2"
"Martínez, José A.",500874,2018,29,534,163,17,104,"0.821","0"
"Davis, Khris",501981,2018,30,576,142,48,175,"0.875","0"
"Pham, Tommy",502054,2018,30,494,136,21,140,"0.831","15"
"Martinez, J.D.",502110,2018,30,569,188,43,146,"1.031","6"
"Goldschmidt, Paul",502671,2018,30,593,172,33,173,"0.922","7"
"Gonzalez, Marwin",503556,2018,29,489,121,16,126,"0.733","2"
"Altuve, Jose",514888,2018,28,534,169,13,79,"0.837","17"
"Hernández, César",514917,2018,28,605,153,15,155,"0.718","19"
"Segura, Jean",516416,2018,28,586,178,10,69,"0.756","20"
"Castro, Starlin",516770,2018,28,593,165,12,124,"0.729","6"
"Marte, Starling",516782,2018,29,559,155,20,109,"0.787","33"
"Dietrich, Derek",518618,2018,28,499,132,16,140,"0.751","2"
"Freeman, Freddie",518692,2018,28,618,191,23,132,"0.893","10"
"Grandal, Yasmani",518735,2018,29,440,106,24,124,"0.815","2"
"LeMahieu, DJ",518934,2018,29,533,147,15,82,"0.749","6"
"Moustakas, Mike",519058,2018,29,573,144,28,103,"0.774","4"
"Rizzo, Anthony",519203,2018,28,566,160,25,80,"0.846","6"
"Stanton, Giancarlo",519317,2018,28,617,164,38,211,"0.852","5"
"Galvis, Freddy",520471,2018,28,602,149,13,147,"0.679","8"
"Perez, Salvador",521692,2018,28,510,120,27,108,"0.713","1"
"Inciarte, Ender",542255,2018,27,597,158,10,86,"0.705","28"
"Ozuna, Marcell",542303,2018,27,582,163,23,110,"0.758","3"
"Villar, Jonathan",542340,2018,27,466,121,14,138,"0.709","35"
"Aguilar, Jesús",542583,2018,28,492,135,35,143,"0.891","0"
"Crawford, Brandon",543063,2018,31,531,135,14,122,"0.719","4"
"Cron, C.J.",543068,2018,28,501,127,30,145,"0.816","1"
"Hicks, Aaron",543305,2018,28,480,119,27,111,"0.833","11"
"Hosmer, Eric",543333,2018,28,613,155,18,142,"0.720","7"
"Kipnis, Jason",543401,2018,31,530,122,18,112,"0.704","7"
"Rendon, Anthony",543685,2018,28,529,163,24,82,"0.909","2"
"Semien, Marcus",543760,2018,27,632,161,15,131,"0.706","14"
"Shaw, Travis",543768,2018,28,498,120,32,108,"0.825","5"
"Springer, George",543807,2018,28,544,144,22,122,"0.780","6"
"Strange-Gordon, Dee",543829,2018,30,556,149,4,80,"0.637","30"
"Gregorius, Didi",544369,2018,28,504,135,27,69,"0.829","10"
"Trout, Mike",545361,2018,26,471,147,39,124,"1.088","24"
"Herrera, Odúbel",546318,2018,26,550,140,22,122,"0.730","5"
"Harper, Bryce",547180,2018,25,550,137,34,169,"0.889","13"
"Abreu, José",547989,2018,31,499,132,22,109,"0.798","2"
"Suárez, Eugenio",553993,2018,26,527,149,34,142,"0.892","1"
"Polanco, Gregory",570256,2018,26,461,117,23,117,"0.839","12"
"Sánchez, Yolmer",570560,2018,26,600,145,8,138,"0.678","14"
"Arenado, Nolan",571448,2018,27,590,175,38,122,"0.935","2"
"Barnhart, Tucker",571466,2018,27,460,114,10,96,"0.700","0"
"Gennett, Scooter",571697,2018,28,584,181,23,125,"0.847","4"
"Hamilton, Billy",571740,2018,27,504,119,4,132,"0.626","34"
"Haniger, Mitch",571745,2018,27,596,170,26,148,"0.859","8"
"Piscotty, Stephen",572039,2018,27,546,146,27,114,"0.822","2"
"Seager, Kyle",572122,2018,30,583,129,22,138,"0.673","2"
"Carpenter, Matt",572761,2018,32,564,145,36,158,"0.897","4"
"Dickerson, Corey",572816,2018,29,504,151,13,80,"0.804","8"
"Dozier, Brian",572821,2018,31,553,119,21,129,"0.696","12"
"Contreras, Willson",575929,2018,26,474,118,10,121,"0.729","4"
"Castellanos, Nick",592206,2018,26,620,185,23,151,"0.854","2"
"Healy, Ryon",592387,2018,26,493,116,24,113,"0.689","0"
"Machado, Manny",592518,2018,25,632,188,37,104,"0.905","14"
"Realmuto, J.T.",592663,2018,27,477,132,21,104,"0.824","3"
"Rosario, Eddie",592696,2018,26,559,161,24,104,"0.802","8"
"Simmons, Andrelton",592743,2018,28,554,162,11,44,"0.754","10"
"Yelich, Christian",592885,2018,26,574,187,36,135,"1.000","22"
"Merrifield, Whit",593160,2018,29,632,192,12,114,"0.805","45"
"Bogaerts, Xander",593428,2018,25,513,148,23,102,"0.882","8"
"Calhoun, Kole",594777,2018,30,491,102,19,133,"0.652","6"
"Profar, Jurickson",595777,2018,25,524,133,20,88,"0.793","10"
"Báez, Javier",595879,2018,25,606,176,34,167,"0.880","21"
"Lindor, Francisco",596019,2018,24,661,183,38,107,"0.871","25"
"Odor, Rougned",596059,2018,24,474,120,18,127,"0.750","12"
"Story, Trevor",596115,2018,25,598,174,37,168,"0.915","27"
"Kepler, Max",596146,2018,25,532,119,20,96,"0.727","4"
"Bradley Jr., Jackie",598265,2018,28,474,111,13,137,"0.717","17"
"Candelario, Jeimer",600869,2018,24,539,121,19,160,"0.710","3"
"Ahmed, Nick",605113,2018,28,516,121,16,109,"0.701","5"
"Anderson, Brian",605119,2018,25,590,161,11,129,"0.757","2"
"Bell, Josh",605137,2018,25,501,131,12,104,"0.768","2"
"Betts, Mookie",605141,2018,25,520,180,32,91,"1.078","30"
"Smith, Mallex",605480,2018,25,480,142,2,98,"0.773","40"
"Hernández, Teoscar",606192,2018,25,476,114,22,163,"0.770","5"
"Peraza, José",606299,2018,24,632,182,14,75,"0.742","23"
"Marte, Ketel",606466,2018,24,520,135,14,79,"0.769","6"
"Nimmo, Brandon",607043,2018,25,433,114,17,140,"0.887","9"
"Turner, Trea",607208,2018,25,664,180,19,132,"0.760","43"
"Pillar, Kevin",607680,2018,29,512,129,15,98,"0.708","14"
"Ramírez, José",608070,2018,25,578,156,39,80,"0.939","34"
"Bregman, Alex",608324,2018,24,594,170,31,85,"0.926","10"
"Gallo, Joey",608336,2018,24,500,103,40,207,"0.810","3"
"Mazara, Nomar",608577,2018,23,489,126,20,116,"0.753","1"
"Andujar, Miguel",609280,2018,23,573,170,27,97,"0.855","2"
"Swanson, Dansby",621020,2018,24,478,114,14,122,"0.699","10"
"Taylor, Chris",621035,2018,27,536,136,17,178,"0.775","9"
"Wendle, Joey",621563,2018,28,487,146,7,96,"0.789","16"
"Olson, Matt",621566,2018,24,580,143,29,163,"0.788","2"
"Duffy, Matt",622110,2018,27,503,148,4,93,"0.727","12"
"Margot, Manuel",622534,2018,23,477,117,8,88,"0.676","11"
"Camargo, Johan",622666,2018,24,464,126,19,108,"0.806","1"
"Conforto, Michael",624424,2018,25,543,132,28,159,"0.798","3"
"Anderson, Tim",641313,2018,25,567,136,20,149,"0.687","26"
"Bellinger, Cody",641355,2018,22,557,145,25,151,"0.813","14"
"Mancini, Trey",641820,2018,26,582,141,24,153,"0.715","0"
"Rosario, Amed",642708,2018,22,554,142,9,119,"0.676","24"
"Benintendi, Andrew",643217,2018,23,579,168,16,106,"0.831","21"
"Albies, Ozzie",645277,2018,21,639,167,24,116,"0.757","14"
"Chapman, Matt",656305,2018,25,547,152,24,146,"0.864","1"
"Hoskins, Rhys",656555,2018,25,558,137,34,150,"0.850","5"
"Schwarber, Kyle",656941,2018,25,428,102,26,140,"0.823","4"
"Moncada, Yoán",660162,2018,23,578,136,17,217,"0.715","12"
"Pujols, Albert",405395,2019,39,491,120,23,68,"0.735","3"
"Cabrera, Miguel",408234,2019,36,493,139,12,108,"0.744","0"
"Choo, Shin-Soo",425783,2019,36,563,149,24,165,"0.826","15"
"Jones, Adam",430945,2019,33,485,126,16,101,"0.727","2"
"Cruz, Nelson",443558,2019,38,454,141,41,131,"1.031","0"
"Longoria, Evan",446334,2019,33,453,115,20,112,"0.762","3"
"Fowler, Dexter",451594,2019,33,487,116,19,142,"0.755","8"
"Cabrera, Asdrúbal",452678,2019,33,447,116,18,103,"0.783","4"
"Blackmon, Charlie",453568,2019,32,580,182,32,104,"0.940","2"
"Cain, Lorenzo",456715,2019,33,562,146,11,106,"0.697","18"
"Turner, Justin",457759,2019,34,479,139,27,88,"0.881","2"
"Votto, Joey",458015,2019,35,525,137,15,123,"0.768","5"
"Gardner, Brett",458731,2019,35,491,123,28,108,"0.828","10"
"Braun, Ryan",460075,2019,35,459,131,22,105,"0.848","11"
"Gordon, Alex",460086,2019,35,556,148,13,100,"0.741","5"
"Andrus, Elvis",462101,2019,30,600,165,12,96,"0.706","31"
"Ramos, Wilson",467092,2019,31,473,136,14,69,"0.767","1"
"Santana, Carlos",467793,2019,33,573,161,34,108,"0.912","4"
"Belt, Brandon",474832,2019,31,526,123,17,127,"0.742","4"
"Brantley, Michael",488726,2019,32,575,179,22,66,"0.875","3"
"Gurriel, Yuli",493329,2019,35,564,168,31,65,"0.884","5"
"Rojas, Miguel",500743,2019,30,483,137,5,62,"0.710","9"
"Escobar, Eduardo",500871,2019,30,636,171,35,130,"0.831","5"
"Davis, Khris",501981,2019,31,481,106,23,146,"0.680","0"
"Pham, Tommy",502054,2019,31,567,155,21,123,"0.819","25"
"Martinez, J.D.",502110,2019,31,575,175,36,138,"0.940","2"
"Reddick, Josh",502210,2019,32,501,138,14,66,"0.728","5"
"Goldschmidt, Paul",502671,2019,31,597,155,34,166,"0.822","3"
"Altuve, Jose",514888,2019,29,500,149,31,82,"0.903","6"
"Hernández, César",514917,2019,29,612,171,14,100,"0.741","9"
"Segura, Jean",516416,2019,29,576,161,12,73,"0.743","10"
"Castro, Starlin",516770,2019,29,636,172,22,111,"0.736","2"
"Marte, Starling",516782,2019,30,539,159,23,94,"0.845","25"
"Donaldson, Josh",518626,2019,33,549,142,37,155,"0.900","4"
"Freeman, Freddie",518692,2019,29,597,176,38,127,"0.938","6"
"Grandal, Yasmani",518735,2019,30,513,126,28,139,"0.848","5"
"Heyward, Jason",518792,2019,29,513,129,21,110,"0.772","8"
"LeMahieu, DJ",518934,2019,30,602,197,26,90,"0.893","5"
"Moustakas, Mike",519058,2019,30,523,133,35,98,"0.845","3"
"Rizzo, Anthony",519203,2019,29,512,150,27,86,"0.925","5"
"Galvis, Freddy",520471,2019,29,557,145,23,145,"0.734","4"
"García, Avisaíl",541645,2019,28,489,138,20,125,"0.796","10"
"Ozuna, Marcell",542303,2019,28,485,117,29,114,"0.800","12"
"Villar, Jonathan",542340,2019,28,642,176,24,176,"0.792","40"
"Santana, Danny",542454,2019,28,474,134,28,151,"0.858","21"
"Crawford, Brandon",543063,2019,32,500,114,11,117,"0.654","3"
"Hosmer, Eric",543333,2019,29,619,164,22,163,"0.735","0"
"Kipnis, Jason",543401,2019,32,458,112,17,88,"0.714","7"
"Rendon, Anthony",543685,2019,29,545,174,34,86,"1.010","5"
"Semien, Marcus",543760,2019,28,657,187,33,102,"0.891","10"
"Springer, George",543807,2019,29,479,140,39,113,"0.974","6"
"Vázquez, Christian",543877,2019,28,482,133,23,101,"0.797","4"
"Wong, Kolten",543939,2019,28,478,136,11,83,"0.784","24"
"García, Leury",544725,2019,28,577,161,8,139,"0.688","15"
"Grichuk, Randal",545341,2019,27,586,136,31,163,"0.737","2"
"Trout, Mike",545361,2019,27,470,137,45,120,"1.083","11"
"Harper, Bryce",547180,2019,26,573,149,35,178,"0.882","15"
"Abreu, José",547989,2019,32,634,180,33,152,"0.833","2"
"Suárez, Eugenio",553993,2019,27,575,156,49,189,"0.930","3"
"Santana, Domingo",570267,2019,26,451,114,21,164,"0.770","8"
"Sánchez, Yolmer",570560,2019,27,496,125,2,117,"0.639","5"
"Arenado, Nolan",571448,2019,28,588,185,41,93,"0.962","3"
"Muncy, Max",571970,2019,28,487,122,35,149,"0.889","4"
"Voit, Luke",572228,2019,28,429,113,21,142,"0.842","0"
"Walker, Christian",572233,2019,28,529,137,29,155,"0.824","8"
"Iglesias, Jose",578428,2019,29,504,145,11,70,"0.725","6"
"Bryant, Kris",592178,2019,27,543,153,31,145,"0.903","4"
"Castellanos, Nick",592206,2019,27,615,178,27,143,"0.862","2"
"Machado, Manny",592518,2019,26,587,150,32,128,"0.796","5"
"Moran, Colin",592567,2019,26,466,129,13,117,"0.751","0"
"Pederson, Joc",592626,2019,27,450,112,36,111,"0.877","1"
"Realmuto, J.T.",592663,2019,28,538,148,25,123,"0.821","9"
"Rosario, Eddie",592696,2019,27,562,155,32,86,"0.800","3"
"Yelich, Christian",592885,2019,27,489,161,44,118,"1.100","30"
"Merrifield, Whit",593160,2019,30,681,206,16,126,"0.811","20"
"Bogaerts, Xander",593428,2019,26,614,190,33,122,"0.939","4"
"Alberto, Hanser",593643,2019,26,524,160,12,50,"0.751","4"
"Polanco, Jorge",593871,2019,25,631,186,22,116,"0.841","4"
"Calhoun, Kole",594777,2019,31,552,128,33,162,"0.792","4"
"Eaton, Adam",594809,2019,30,566,158,15,106,"0.793","15"
"Profar, Jurickson",595777,2019,26,459,100,20,75,"0.711","9"
"Báez, Javier",595879,2019,26,531,149,29,156,"0.847","11"
"Lindor, Francisco",596019,2019,25,598,170,32,98,"0.853","22"
"Odor, Rougned",596059,2019,25,522,107,30,178,"0.722","11"
"Story, Trevor",596115,2019,26,588,173,35,174,"0.917","23"
"Vogelbach, Daniel",596129,2019,26,462,96,30,149,"0.780","0"
"Kepler, Max",596146,2019,26,524,132,36,99,"0.855","1"
"Bradley Jr., Jackie",598265,2019,29,494,111,21,155,"0.738","8"
"Núñez, Renato",600524,2019,25,541,132,31,143,"0.771","1"
"Ahmed, Nick",605113,2019,29,556,141,19,113,"0.753","8"
"Anderson, Brian",605119,2019,26,459,120,20,114,"0.810","5"
"Bell, Josh",605137,2019,26,527,146,37,118,"0.936","0"
"Betts, Mookie",605141,2019,26,597,176,29,101,"0.915","16"
"Smith, Mallex",605480,2019,26,510,116,6,141,"0.635","46"
"Arcia, Orlando",606115,2019,24,494,110,15,109,"0.633","8"
"Marte, Ketel",606466,2019,25,569,187,32,86,"0.981","10"
"Turner, Trea",607208,2019,26,521,155,19,113,"0.850","35"
"Pillar, Kevin",607680,2019,30,611,158,21,89,"0.719","14"
"Ramírez, José",608070,2019,26,482,123,23,74,"0.806","24"
"Bregman, Alex",608324,2019,25,554,164,41,83,"1.015","5"
"Seager, Corey",608369,2019,25,489,133,19,98,"0.818","1"
"Reyes, Franmil",614177,2019,23,494,123,37,156,"0.822","0"
"Swanson, Dansby",621020,2019,25,483,121,17,124,"0.747","10"
"Newman, Kevin",621028,2019,25,493,152,12,62,"0.799","16"
"Olson, Matt",621566,2019,25,483,129,36,138,"0.896","0"
"Alonso, Pete",624413,2019,24,597,155,53,183,"0.941","1"
"Conforto, Michael",624424,2019,26,549,141,33,149,"0.857","7"
"Frazier, Adam",624428,2019,27,554,154,10,75,"0.753","5"
"Puig, Yasiel",624577,2019,28,555,148,24,133,"0.785","19"
"Soler, Jorge",624585,2019,27,589,156,48,178,"0.923","3"
"Meadows, Austin",640457,2019,24,530,154,33,131,"0.922","12"
"Anderson, Tim",641313,2019,26,498,167,18,109,"0.865","17"
"Bellinger, Cody",641355,2019,23,558,170,47,108,"1.035","15"
"Dozier, Hunter",641531,2019,27,523,146,26,148,"0.870","2"
"Mancini, Trey",641820,2019,27,602,175,35,143,"0.899","1"
"McMahon, Ryan",641857,2019,24,480,120,24,160,"0.779","5"
"Rosario, Amed",642708,2019,23,616,177,15,124,"0.755","19"
"Adames, Willy",642715,2019,23,531,135,20,153,"0.735","4"
"Benintendi, Andrew",643217,2019,24,541,144,13,140,"0.774","10"
"McNeil, Jeff",643446,2019,27,510,162,23,75,"0.915","5"
"Albies, Ozzie",645277,2019,22,640,189,24,112,"0.852","15"
"Robles, Victor",645302,2019,22,546,139,17,140,"0.745","28"
"Devers, Rafael",646240,2019,22,647,201,32,119,"0.916","8"
"Jiménez, Eloy",650391,2019,22,468,125,31,134,"0.828","0"
"Torres, Gleyber",650402,2019,22,546,152,38,129,"0.872","5"
"Chapman, Matt",656305,2019,26,583,145,36,147,"0.848","1"
"Hoskins, Rhys",656555,2019,26,570,129,29,173,"0.818","2"
"Schwarber, Kyle",656941,2019,26,529,132,38,156,"0.870","2"
"DeJong, Paul",657557,2019,25,583,136,30,149,"0.762","9"
"Moncada, Yoán",660162,2019,24,511,161,25,154,"0.915","10"
"Acuña Jr., Ronald",660670,2019,21,626,175,41,188,"0.883","37"
"Fletcher, David",664058,2019,25,596,173,6,64,"0.734","8"
"Guerrero Jr., Vladimir",665489,2019,20,464,126,15,91,"0.772","0"
"Soto, Juan",665742,2019,20,542,153,34,132,"0.949","12"
"Reynolds, Bryan",668804,2019,24,491,154,16,121,"0.880","3"
"Cabrera, Miguel",408234,2020,37,204,51,10,51,"0.746","1"
"Cruz, Nelson",443558,2020,39,185,56,16,58,"0.992","0"
"Peralta, David",444482,2020,32,203,61,5,45,"0.772","1"
"Longoria, Evan",446334,2020,34,193,49,7,39,"0.722","0"
"Cabrera, Asdrúbal",452678,2020,34,190,46,8,40,"0.752","0"
"Blackmon, Charlie",453568,2020,33,221,67,6,44,"0.804","2"
"Solano, Donovan",456781,2020,32,190,62,3,39,"0.828","0"
"McCutchen, Andrew",457705,2020,33,217,55,10,48,"0.757","4"
"Votto, Joey",458015,2020,36,186,42,11,43,"0.800","0"
"Santana, Carlos",467793,2020,34,206,41,8,43,"0.699","0"
"Brantley, Michael",488726,2020,33,170,51,5,28,"0.840","2"
"Gurriel, Yuli",493329,2020,36,211,49,6,27,"0.658","0"
"Escobar, Eduardo",500871,2020,31,203,43,4,41,"0.605","1"
"Martinez, J.D.",502110,2020,32,211,45,7,59,"0.680","1"
"Reddick, Josh",502210,2020,33,188,46,4,42,"0.694","1"
"Goldschmidt, Paul",502671,2020,32,191,58,6,43,"0.883","1"
"Gonzalez, Marwin",503556,2020,31,175,37,5,41,"0.606","0"
"Altuve, Jose",514888,2020,30,192,42,5,39,"0.630","2"
"Hernández, César",514917,2020,30,233,66,3,57,"0.763","0"
"Segura, Jean",516416,2020,30,192,51,7,45,"0.769","2"
"Marte, Starling",516782,2020,31,228,64,6,41,"0.770","10"
"Freeman, Freddie",518692,2020,30,214,73,13,37,"1.102","2"
"Grandal, Yasmani",518735,2020,31,161,37,8,58,"0.773","0"
"LeMahieu, DJ",518934,2020,31,195,71,10,21,"1.011","3"
"Rizzo, Anthony",519203,2020,30,203,45,11,38,"0.756","3"
"Flores, Wilmer",527038,2020,28,198,53,12,36,"0.830","1"
"García, Avisaíl",541645,2020,29,181,43,2,49,"0.659","1"
"Ozuna, Marcell",542303,2020,29,228,77,18,60,"1.067","0"
"Villar, Jonathan",542340,2020,29,185,43,2,54,"0.593","16"
"Aguilar, Jesús",542583,2020,30,188,52,8,40,"0.809","0"
"Crawford, Brandon",543063,2020,33,172,44,8,47,"0.791","1"
"Grossman, Robbie",543257,2020,30,166,40,8,38,"0.826","8"
"Hicks, Aaron",543305,2020,30,169,38,6,38,"0.793","4"
"Rendon, Anthony",543685,2020,30,189,54,9,31,"0.915","0"
"Semien, Marcus",543760,2020,29,211,47,7,50,"0.679","4"
"Springer, George",543807,2020,30,189,50,14,38,"0.899","1"
"Vázquez, Christian",543877,2020,29,173,49,7,43,"0.801","4"
"Wong, Kolten",543939,2020,29,181,48,1,30,"0.676","5"
"Gregorius, Didi",544369,2020,30,215,61,10,28,"0.827","3"
"Grichuk, Randal",545341,2020,28,216,59,12,49,"0.793","1"
"Trout, Mike",545361,2020,28,199,56,17,56,"0.993","1"
"Ruiz, Rio",547004,2020,26,185,41,9,46,"0.713","1"
"Harper, Bryce",547180,2020,27,190,51,13,43,"0.962","8"
"Abreu, José",547989,2020,33,240,76,19,59,"0.987","0"
"Suárez, Eugenio",553993,2020,28,198,40,15,67,"0.782","2"
"González, Erik",570481,2020,28,181,41,3,51,"0.614","2"
"Arenado, Nolan",571448,2020,29,182,46,8,20,"0.737","0"
"Muncy, Max",571970,2020,29,203,39,12,60,"0.720","1"
"Myers, Wil",571976,2020,29,198,57,15,56,"0.959","2"
"Pollock, AJ",572041,2020,32,196,54,16,45,"0.880","2"
"Seager, Kyle",572122,2020,32,203,49,9,33,"0.788","5"
"Voit, Luke",572228,2020,29,213,59,22,54,"0.948","0"
"Walker, Christian",572233,2020,29,218,59,7,50,"0.792","1"
"Dickerson, Corey",572816,2020,31,194,50,7,35,"0.713","1"
"Yastrzemski, Mike",573262,2020,29,192,57,10,55,"0.968","2"
"Contreras, Willson",575929,2020,28,189,46,7,57,"0.763","1"
"Canha, Mark",592192,2020,31,191,47,5,54,"0.795","4"
"Castellanos, Nick",592206,2020,28,218,49,14,69,"0.784","0"
"Machado, Manny",592518,2020,27,224,68,16,37,"0.950","6"
"Moran, Colin",592567,2020,27,178,44,10,52,"0.797","0"
"Realmuto, J.T.",592663,2020,29,173,46,11,48,"0.840","4"
"Rosario, Eddie",592696,2020,28,210,54,13,34,"0.792","3"
"Yelich, Christian",592885,2020,28,200,41,12,76,"0.786","4"
"Merrifield, Whit",593160,2020,31,248,70,9,33,"0.765","12"
"Bogaerts, Xander",593428,2020,27,203,61,11,41,"0.866","8"
"Alberto, Hanser",593643,2020,27,219,62,3,30,"0.699","3"
"Polanco, Jorge",593871,2020,26,209,54,4,35,"0.658","4"
"Sanó, Miguel",593934,2020,27,186,38,13,90,"0.756","0"
"Calhoun, Kole",594777,2020,32,190,43,16,50,"0.864","1"
"Duvall, Adam",594807,2020,31,190,45,16,54,"0.833","0"
"Profar, Jurickson",595777,2020,27,180,50,7,28,"0.771","7"
"Báez, Javier",595879,2020,27,222,45,8,75,"0.598","3"
"Lindor, Francisco",596019,2020,26,236,61,8,41,"0.750","6"
"Story, Trevor",596115,2020,27,235,68,11,63,"0.874","15"
"Kepler, Max",596146,2020,27,171,39,9,36,"0.760","3"
"Franco, Maikel",596748,2020,27,223,62,8,38,"0.778","1"
"Bradley Jr., Jackie",598265,2020,30,191,54,7,48,"0.814","5"
"La Stella, Tommy",600303,2020,31,196,55,5,12,"0.819","1"
"Núñez, Renato",600524,2020,26,195,50,12,64,"0.816","0"
"Candelario, Jeimer",600869,2020,26,185,55,7,49,"0.872","1"
"Ahmed, Nick",605113,2020,30,199,53,5,46,"0.729","4"
"Anderson, Brian",605119,2020,27,200,51,11,66,"0.810","0"
"Bell, Josh",605137,2020,27,195,44,8,59,"0.669","0"
"Betts, Mookie",605141,2020,27,219,64,16,38,"0.928","10"
"Davis, J.D.",605204,2020,27,190,47,6,56,"0.760","0"
"Arcia, Orlando",606115,2020,25,173,45,5,32,"0.733","2"
"Tapia, Raimel",606132,2020,26,184,59,1,38,"0.771","8"
"Hernández, Teoscar",606192,2020,27,190,55,16,63,"0.919","6"
"Marte, Ketel",606466,2020,26,181,52,2,21,"0.732","1"
"Nimmo, Brandon",607043,2020,27,186,52,8,43,"0.888","1"
"Turner, Trea",607208,2020,27,233,78,12,36,"0.982","11"
"Pillar, Kevin",607680,2020,31,208,60,6,41,"0.798","5"
"Ramírez, José",608070,2020,27,219,64,17,43,"0.993","10"
"Gallo, Joey",608336,2020,26,193,35,10,79,"0.679","2"
"Seager, Corey",608369,2020,26,212,65,15,37,"0.943","1"
"Mondesi, Adalberto",609275,2020,24,219,56,6,70,"0.710","24"
"Reyes, Franmil",614177,2020,24,211,58,9,69,"0.794","0"
"Swanson, Dansby",621020,2020,26,237,65,10,71,"0.809","5"
"Taylor, Chris",621035,2020,29,185,50,8,55,"0.842","3"
"Correa, Carlos",621043,2020,25,201,53,5,49,"0.709","0"
"Olson, Matt",621566,2020,26,210,41,14,77,"0.734","1"
"Reyes, Victor",622682,2020,25,202,56,4,45,"0.706","8"
"Alonso, Pete",624413,2020,25,208,48,16,61,"0.816","1"
"Biggio, Cavan",624415,2020,25,220,55,8,61,"0.807","6"
"Conforto, Michael",624424,2020,27,202,65,9,57,"0.927","3"
"Frazier, Adam",624428,2020,28,209,48,7,35,"0.661","1"
"Cronenworth, Jake",630105,2020,26,172,49,4,30,"0.831","3"
"Anderson, Tim",641313,2020,27,208,67,10,50,"0.886","5"
"Bellinger, Cody",641355,2020,24,213,51,12,42,"0.788","6"
"Crawford, J.P.",641487,2020,25,204,52,2,39,"0.674","6"
"Dozier, Hunter",641531,2020,28,158,36,6,48,"0.736","4"
"Lewis, Kyle",641786,2020,24,206,54,11,71,"0.801","5"
"McMahon, Ryan",641857,2020,25,172,37,9,66,"0.714","0"
"Smith, Dominic",642086,2020,25,177,56,10,45,"0.993","0"
"Adames, Willy",642715,2020,24,185,48,8,74,"0.813","2"
"Kiner-Falefa, Isiah",643396,2020,25,211,59,3,32,"0.699","8"
"McNeil, Jeff",643446,2020,28,183,57,4,24,"0.837","0"
"Robles, Victor",645302,2020,23,168,37,3,53,"0.608","4"
"Devers, Rafael",646240,2020,23,232,61,11,67,"0.793","0"
"Jiménez, Eloy",650391,2020,23,213,63,14,56,"0.891","0"
"Schwarber, Kyle",656941,2020,27,191,36,11,66,"0.701","1"
"Verdugo, Alex",657077,2020,24,201,62,6,45,"0.845","4"
"White, Evan",657108,2020,24,182,32,8,84,"0.598","1"
"Laureano, Ramón",657656,2020,25,183,39,6,58,"0.704","2"
"Moncada, Yoán",660162,2020,25,200,45,6,72,"0.705","0"
"Acuña Jr., Ronald",660670,2020,22,160,40,14,60,"0.987","8"
"Riley, Austin",663586,2020,23,188,45,8,49,"0.716","0"
"Tucker, Kyle",663656,2020,23,209,56,9,46,"0.837","8"
"Grisham, Trent",663757,2020,23,215,54,10,64,"0.808","10"
"Happ, Ian",664023,2020,25,198,51,12,63,"0.866","1"
"Lowe, Brandon",664040,2020,25,193,52,14,58,"0.916","3"
"Fletcher, David",664058,2020,26,207,66,3,25,"0.801","2"
"Tatis Jr., Fernando",665487,2020,21,224,62,17,61,"0.937","11"
"Guerrero Jr., Vladimir",665489,2020,21,221,58,9,38,"0.791","1"
"Soto, Juan",665742,2020,21,154,54,13,28,"1.185","5"
"Gurriel Jr., Lourdes",666971,2020,26,208,64,11,48,"0.882","3"
"Reynolds, Bryan",668804,2020,25,185,35,7,57,"0.632","1"
"Edman, Tommy",669242,2020,25,204,51,5,48,"0.685","2"
"Solak, Nick",669256,2020,25,209,56,2,42,"0.670","7"
"Hiura, Keston",669374,2020,23,217,46,13,85,"0.707","3"
"Lopez, Nicky",670032,2020,25,169,34,1,41,"0.552","0"
"Robert Jr., Luis",673357,2020,22,202,47,11,73,"0.738","9"
"Cabrera, Miguel",408234,2021,38,472,121,15,118,"0.702","0"
"Cruz, Nelson",443558,2021,40,513,136,32,126,"0.831","3"
"Peralta, David",444482,2021,33,487,126,8,92,"0.727","2"
"Blackmon, Charlie",453568,2021,34,514,139,13,91,"0.762","3"
"McCutchen, Andrew",457705,2021,34,482,107,27,132,"0.778","6"
"Turner, Justin",457759,2021,36,533,148,27,98,"0.832","3"
"Votto, Joey",458015,2021,37,448,119,36,127,"0.938","1"
"Andrus, Elvis",462101,2021,32,497,121,3,81,"0.614","12"
"Santana, Carlos",467793,2021,35,565,121,19,102,"0.661","2"
"Lowrie, Jed",476704,2021,37,457,112,14,108,"0.716","0"
"Brantley, Michael",488726,2021,34,469,146,8,53,"0.799","1"
"Gurriel, Yuli",493329,2021,37,530,169,15,68,"0.845","1"
"Rojas, Miguel",500743,2021,32,495,131,9,74,"0.714","13"
"Escobar, Eduardo",500871,2021,32,549,139,28,124,"0.786","1"
"Pham, Tommy",502054,2021,33,475,109,15,128,"0.723","14"
"Martinez, J.D.",502110,2021,33,570,163,28,150,"0.867","0"
"Goldschmidt, Paul",502671,2021,33,603,177,31,136,"0.879","12"
"Altuve, Jose",514888,2021,31,601,167,31,91,"0.839","5"
"Hernández, César",514917,2021,31,570,132,21,135,"0.694","1"
"Segura, Jean",516416,2021,31,514,149,14,78,"0.784","9"
"Marte, Starling",516782,2021,32,467,145,12,99,"0.841","47"
"Donaldson, Josh",518626,2021,35,457,113,26,114,"0.827","0"
"Freeman, Freddie",518692,2021,31,600,180,31,107,"0.896","8"
"LeMahieu, DJ",518934,2021,32,597,160,10,94,"0.711","4"
"Rizzo, Anthony",519203,2021,31,496,123,22,87,"0.784","6"
"Stanton, Giancarlo",519317,2021,31,510,139,35,157,"0.870","0"
"Perez, Salvador",521692,2021,31,620,169,48,170,"0.860","1"
"García, Avisaíl",541645,2021,30,461,121,29,121,"0.820","8"
"Villar, Jonathan",542340,2021,30,454,113,18,132,"0.738","14"
"Aguilar, Jesús",542583,2021,31,449,117,22,93,"0.788","0"
"Crawford, Brandon",543063,2021,34,483,144,24,105,"0.895","11"
"Cron, C.J.",543068,2021,31,470,132,28,117,"0.905","1"
"Grossman, Robbie",543257,2021,31,557,133,23,155,"0.772","20"
"Harrison, Josh",543281,2021,33,505,141,8,75,"0.741","9"
"Hosmer, Eric",543333,2021,31,509,137,12,99,"0.732","5"
"Semien, Marcus",543760,2021,30,652,173,45,146,"0.872","15"
"Grichuk, Randal",545341,2021,29,511,123,22,114,"0.704","0"
"Harper, Bryce",547180,2021,28,488,151,35,134,"1.044","13"
"Abreu, José",547989,2021,34,566,148,30,143,"0.832","1"
"Suárez, Eugenio",553993,2021,29,505,100,31,171,"0.714","0"
"Schoop, Jonathan",570731,2021,29,623,173,22,133,"0.755","2"
"Arenado, Nolan",571448,2021,30,593,151,34,96,"0.806","2"
"Farmer, Kyle",571657,2021,30,483,127,16,97,"0.732","2"
"Haniger, Mitch",571745,2021,30,620,157,39,169,"0.803","1"
"Hernández, Enrique",571771,2021,29,508,127,20,110,"0.786","1"
"Muncy, Max",571970,2021,30,497,124,36,120,"0.895","2"
"Seager, Kyle",572122,2021,33,603,128,35,161,"0.723","3"
"Taylor, Michael A.",572191,2021,30,483,118,12,144,"0.653","14"
"Yastrzemski, Mike",573262,2021,30,468,105,25,131,"0.768","4"
"Iglesias, Jose",578428,2021,31,483,131,9,75,"0.700","5"
"Bryant, Kris",592178,2021,29,513,136,25,135,"0.834","10"
"Canha, Mark",592192,2021,32,519,120,17,128,"0.745","12"
"Castellanos, Nick",592206,2021,29,531,164,34,121,"0.938","3"
"Judge, Aaron",592450,2021,29,550,158,39,158,"0.917","6"
"Machado, Manny",592518,2021,28,564,157,28,102,"0.836","12"
"Realmuto, J.T.",592663,2021,30,476,125,17,129,"0.782","13"
"Renfroe, Hunter",592669,2021,29,521,135,31,130,"0.816","1"
"Merrifield, Whit",593160,2021,32,664,184,10,103,"0.712","40"
"Bogaerts, Xander",593428,2021,28,529,156,23,113,"0.863","5"
"Polanco, Jorge",593871,2021,27,588,158,33,118,"0.826","11"
"Sanó, Miguel",593934,2021,28,470,105,30,183,"0.778","2"
"Duvall, Adam",594807,2021,32,513,117,38,174,"0.772","5"
"Báez, Javier",595879,2021,28,502,133,31,184,"0.813","18"
"Lindor, Francisco",596019,2021,27,452,104,20,96,"0.734","10"
"Story, Trevor",596115,2021,28,526,132,24,139,"0.800","20"
"Candelario, Jeimer",600869,2021,27,557,151,16,135,"0.794","0"
"Bell, Josh",605137,2021,28,498,130,27,101,"0.823","0"
"Betts, Mookie",605141,2021,28,466,123,23,86,"0.854","10"
"Tapia, Raimel",606132,2021,27,487,133,6,70,"0.699","20"
"Hernández, Teoscar",606192,2021,28,550,163,32,148,"0.870","12"
"Turner, Trea",607208,2021,28,595,195,28,110,"0.911","32"
"Ramírez, José",608070,2021,28,552,147,36,87,"0.893","27"
"Gallo, Joey",608336,2021,27,498,99,38,213,"0.809","6"
"Swanson, Dansby",621020,2021,27,588,146,27,167,"0.760","9"
"Newman, Kevin",621028,2021,27,517,117,5,41,"0.574","6"
"Taylor, Chris",621035,2021,30,507,129,20,167,"0.782","13"
"Correa, Carlos",621043,2021,26,555,155,26,116,"0.851","0"
"Olson, Matt",621566,2021,27,565,153,39,113,"0.911","4"
"Alonso, Pete",624413,2021,26,561,147,37,127,"0.863","3"
"Frazier, Adam",624428,2021,29,577,176,5,69,"0.779","10"
"Soler, Jorge",624585,2021,29,516,115,27,142,"0.748","0"
"Cronenworth, Jake",630105,2021,27,567,151,21,90,"0.800","4"
"Meadows, Austin",640457,2021,26,518,121,27,122,"0.773","4"
"Anderson, Tim",641313,2021,28,527,163,17,119,"0.807","18"
"Crawford, J.P.",641487,2021,26,619,169,9,114,"0.714","3"
"Dozier, Hunter",641531,2021,29,487,105,16,154,"0.679","5"
"Mancini, Trey",641820,2021,29,556,142,21,143,"0.758","0"
"McMahon, Ryan",641857,2021,26,528,134,23,147,"0.780","6"
"O'Neill, Tyler",641933,2021,26,482,138,34,168,"0.912","15"
"Rosario, Amed",642708,2021,25,550,155,11,120,"0.730","13"
"Adames, Willy",642715,2021,25,497,130,25,156,"0.818","5"
"Benintendi, Andrew",643217,2021,26,493,136,17,97,"0.766","8"
"Kiner-Falefa, Isiah",643396,2021,26,635,172,8,90,"0.669","20"
"Albies, Ozzie",645277,2021,24,629,163,30,128,"0.798","20"
"Devers, Rafael",646240,2021,24,591,165,38,143,"0.890","5"
"Urías, Luis",649966,2021,24,490,122,23,116,"0.790","5"
"Torres, Gleyber",650402,2021,24,459,119,9,104,"0.697","14"
"Díaz, Yandy",650490,2021,29,465,119,13,85,"0.740","1"
"Chapman, Matt",656305,2021,28,529,111,27,202,"0.717","3"
"Mullins, Cedric",656775,2021,26,602,175,30,125,"0.878","30"
"Smith, Pavin",656976,2021,25,498,133,11,106,"0.732","1"
"Verdugo, Alex",657077,2021,25,544,157,13,96,"0.777","6"
"Moncada, Yoán",660162,2021,26,520,137,14,157,"0.787","3"
"Ohtani, Shohei",660271,2021,26,537,138,46,189,"0.964","26"
"Riley, Austin",663586,2021,24,590,179,33,168,"0.898","0"
"Mountcastle, Ryan",663624,2021,24,534,136,33,161,"0.796","4"
"Tucker, Kyle",663656,2021,24,506,149,30,90,"0.916","14"
"India, Jonathan",663697,2021,24,532,143,21,141,"0.835","12"
"Grisham, Trent",663757,2021,24,462,112,15,119,"0.740","13"
"Lowe, Nathaniel",663993,2021,25,557,147,18,162,"0.772","8"
"Happ, Ian",664023,2021,26,465,105,25,156,"0.757","9"
"France, Ty",664034,2021,26,571,166,18,106,"0.813","0"
"Lowe, Brandon",664040,2021,26,535,132,39,167,"0.863","7"
"Fletcher, David",664058,2021,27,626,164,2,60,"0.621","15"
"Straw, Myles",664702,2021,26,564,153,4,121,"0.697","30"
"Walsh, Jared",665120,2021,27,530,147,29,152,"0.849","2"
"Tatis Jr., Fernando",665487,2021,22,478,135,42,153,"0.975","25"
"Guerrero Jr., Vladimir",665489,2021,22,604,188,48,110,"1.002","4"
"Soto, Juan",665742,2021,22,502,157,29,93,"0.999","9"
"Chisholm Jr., Jazz",665862,2021,23,464,115,18,145,"0.728","23"
"Bichette, Bo",666182,2021,23,640,191,29,137,"0.827","25"
"Carlson, Dylan",666185,2021,22,542,144,18,152,"0.780","2"
"García, Adolis",666969,2021,28,581,141,31,194,"0.740","16"
"Gurriel Jr., Lourdes",666971,2021,27,500,138,21,102,"0.785","1"
"Arozarena, Randy",668227,2021,26,529,145,20,170,"0.815","20"
"Reynolds, Bryan",668804,2021,26,559,169,24,119,"0.912","5"
"Rojas, Josh",668942,2021,27,484,128,11,137,"0.752","9"
"Edman, Tommy",669242,2021,26,641,168,11,95,"0.695","30"
"Solak, Nick",669256,2021,26,458,111,11,107,"0.676","7"
"Hays, Austin",669720,2021,25,488,125,22,107,"0.769","4"
"Lopez, Nicky",670032,2021,26,497,149,2,74,"0.743","22"
"Alvarez, Yordan",670541,2021,24,537,149,33,145,"0.877","1"
"Cruz, Nelson",443558,2022,41,448,105,10,119,"0.650","4"
"Blackmon, Charlie",453568,2022,35,530,140,16,109,"0.733","4"
"McCutchen, Andrew",457705,2022,35,515,122,17,124,"0.700","8"
"Turner, Justin",457759,2022,37,468,130,13,89,"0.788","3"
"Andrus, Elvis",462101,2022,33,535,133,17,92,"0.707","18"
"Santana, Carlos",467793,2022,36,431,87,19,88,"0.692","0"
"Gurriel, Yuli",493329,2022,38,545,132,8,73,"0.648","8"
"Rojas, Miguel",500743,2022,33,471,111,6,61,"0.606","9"
"Escobar, Eduardo",500871,2022,33,495,119,20,129,"0.725","0"
"Pham, Tommy",502054,2022,34,554,131,17,167,"0.686","8"
"Martinez, J.D.",502110,2022,34,533,146,16,145,"0.789","0"
"Goldschmidt, Paul",502671,2022,34,561,178,35,141,"0.982","7"
"Altuve, Jose",514888,2022,32,527,158,28,87,"0.920","18"
"Hernández, César",514917,2022,32,560,139,1,114,"0.629","10"
"Marte, Starling",516782,2022,33,466,136,16,97,"0.815","18"
"Donaldson, Josh",518626,2022,36,478,106,15,148,"0.682","2"
"Freeman, Freddie",518692,2022,32,612,199,21,102,"0.918","13"
"LeMahieu, DJ",518934,2022,33,467,122,12,71,"0.734","4"
"Rizzo, Anthony",519203,2022,32,465,104,32,101,"0.818","6"
"Flores, Wilmer",527038,2022,30,525,120,19,103,"0.710","0"
"Ozuna, Marcell",542303,2022,31,470,106,23,122,"0.687","2"
"Aguilar, Jesús",542583,2022,32,464,109,16,119,"0.660","1"
"Cron, C.J.",543068,2022,32,575,148,29,164,"0.783","0"
"Semien, Marcus",543760,2022,31,657,163,26,120,"0.733","25"
"Springer, George",543807,2022,32,513,137,25,100,"0.814","14"
"Grichuk, Randal",545341,2022,30,506,131,19,127,"0.724","4"
"Abreu, José",547989,2022,35,601,183,15,110,"0.824","0"
"Suárez, Eugenio",553993,2022,30,543,128,31,196,"0.791","0"
"Urshela, Gio",570482,2022,30,501,143,13,96,"0.767","1"
"Schoop, Jonathan",570731,2022,30,481,97,11,107,"0.561","5"
"Arenado, Nolan",571448,2022,31,557,163,30,72,"0.891","5"
"Farmer, Kyle",571657,2022,31,526,134,14,99,"0.701","4"
"Muncy, Max",571970,2022,31,464,91,21,141,"0.713","2"
"Pollock, AJ",572041,2022,34,489,120,14,98,"0.681","3"
"Voit, Luke",572228,2022,31,500,113,22,179,"0.710","1"
"Walker, Christian",572233,2022,31,583,141,36,131,"0.804","2"
"Yastrzemski, Mike",573262,2022,31,485,104,17,141,"0.697","5"
"Canha, Mark",592192,2022,33,462,123,13,97,"0.770","3"
"Castellanos, Nick",592206,2022,30,524,138,13,130,"0.694","7"
"Drury, Brandon",592273,2022,29,518,136,28,126,"0.812","2"
"Judge, Aaron",592450,2022,30,570,177,62,175,"1.111","16"
"Machado, Manny",592518,2022,29,578,172,32,133,"0.897","9"
"Realmuto, J.T.",592663,2022,31,504,139,22,119,"0.820","21"
"Renfroe, Hunter",592669,2022,30,474,121,29,121,"0.807","1"
"Yelich, Christian",592885,2022,30,575,145,14,162,"0.738","19"
"Merrifield, Whit",593160,2022,33,504,126,11,85,"0.673","16"
"Bogaerts, Xander",593428,2022,29,557,171,15,118,"0.833","8"
"Profar, Jurickson",595777,2022,29,575,140,15,103,"0.722","5"
"Báez, Javier",595879,2022,29,555,132,17,147,"0.671","9"
"Lindor, Francisco",596019,2022,28,630,170,26,133,"0.788","16"
"Bell, Josh",605137,2022,29,552,147,17,102,"0.784","0"
"Betts, Mookie",605141,2022,29,572,154,35,104,"0.873","12"
"Hernández, Teoscar",606192,2022,29,499,133,25,152,"0.807","6"
"Marte, Ketel",606466,2022,28,492,118,12,101,"0.728","5"
"Nimmo, Brandon",607043,2022,29,580,159,16,116,"0.800","3"
"Turner, Trea",607208,2022,29,652,194,21,131,"0.809","27"
"Ramírez, José",608070,2022,29,601,168,29,82,"0.869","20"
"Bregman, Alex",608324,2022,28,548,142,23,77,"0.820","1"
"Seager, Corey",608369,2022,28,593,145,33,103,"0.772","3"
"Winker, Jesse",608385,2022,28,456,100,14,103,"0.688","0"
"Swanson, Dansby",621020,2022,28,640,177,25,182,"0.776","18"
"Correa, Carlos",621043,2022,27,522,152,22,121,"0.833","0"
"Ward, Taylor",621493,2022,28,495,139,23,120,"0.833","5"
"Wisdom, Patrick",621550,2022,30,469,97,25,183,"0.724","8"
"Olson, Matt",621566,2022,28,616,148,34,170,"0.802","0"
"Mateo, Jorge",622761,2022,27,494,109,13,147,"0.646","35"
"Santander, Anthony",623993,2022,27,574,138,33,122,"0.773","0"
"Alonso, Pete",624413,2022,27,597,162,40,128,"0.870","5"
"Frazier, Adam",624428,2022,30,541,129,3,73,"0.612","11"
"Cronenworth, Jake",630105,2022,28,587,140,17,131,"0.722","3"
"Bellinger, Cody",641355,2022,26,504,106,19,150,"0.654","14"
"Crawford, J.P.",641487,2022,27,518,126,6,80,"0.675","3"
"Mancini, Trey",641820,2022,30,519,124,18,135,"0.710","0"
"McMahon, Ryan",641857,2022,27,529,130,20,158,"0.741","7"
"Tellez, Rowdy",642133,2022,27,529,116,35,121,"0.767","2"
"Rosario, Amed",642708,2022,26,637,180,11,111,"0.715","18"
"Adames, Willy",642715,2022,26,563,134,31,166,"0.756","8"
"Estrada, Thairo",642731,2022,26,488,127,14,89,"0.722","21"
"Benintendi, Andrew",643217,2022,27,461,140,5,77,"0.772","8"
"Kemp, Tony",643393,2022,30,497,117,7,69,"0.641","11"
"Kiner-Falefa, Isiah",643396,2022,27,483,126,4,72,"0.641","22"
"McNeil, Jeff",643446,2022,30,533,174,9,61,"0.836","4"
"Devers, Rafael",646240,2022,25,555,164,27,114,"0.879","3"
"Arraez, Luis",650333,2022,25,547,173,8,43,"0.795","4"
"Torres, Gleyber",650402,2022,25,526,135,24,129,"0.761","10"
"Díaz, Yandy",650490,2022,30,473,140,9,60,"0.824","3"
"Rengifo, Luis",650859,2022,25,489,129,17,79,"0.723","6"
"Chapman, Matt",656305,2022,29,538,123,27,170,"0.757","2"
"Hoskins, Rhys",656555,2022,29,589,145,30,169,"0.794","2"
"Mullins, Cedric",656775,2022,27,608,157,16,126,"0.721","34"
"Schwarber, Kyle",656941,2022,29,577,126,46,200,"0.827","10"
"Thomas, Lane",657041,2022,26,498,120,17,132,"0.705","8"
"Verdugo, Alex",657077,2022,26,593,166,11,86,"0.733","1"
"Ohtani, Shohei",660271,2022,27,586,160,34,161,"0.875","11"
"Acuña Jr., Ronald",660670,2022,24,467,124,15,126,"0.764","29"
"Varsho, Daulton",662139,2022,25,531,125,27,145,"0.745","16"
"Hoerner, Nico",663538,2022,25,481,135,10,57,"0.737","20"
"Riley, Austin",663586,2022,25,615,168,38,168,"0.877","2"
"Mountcastle, Ryan",663624,2022,25,555,139,22,154,"0.728","4"
"Hayes, Ke'Bryan",663647,2022,25,505,123,7,122,"0.659","20"
"Tucker, Kyle",663656,2022,25,544,140,30,95,"0.808","25"
"Grisham, Trent",663757,2022,25,451,83,17,150,"0.625","7"
"Rodgers, Brendan",663898,2022,25,527,140,13,101,"0.733","0"
"Lowe, Nathaniel",663993,2022,26,593,179,27,147,"0.850","2"
"Happ, Ian",664023,2022,27,573,155,17,149,"0.782","9"
"France, Ty",664034,2022,27,551,151,20,94,"0.774","0"
"Straw, Myles",664702,2022,27,535,118,0,87,"0.564","21"
"Bohm, Alec",664761,2022,25,586,164,13,110,"0.713","2"
"Brown, Seth",664913,2022,29,500,115,25,146,"0.749","11"
"Peña, Jeremy",665161,2022,24,521,132,22,135,"0.715","11"
"Guerrero Jr., Vladimir",665489,2022,23,638,175,32,116,"0.819","8"
"Soto, Juan",665742,2022,23,524,127,27,96,"0.853","6"
"Giménez, Andrés",665926,2022,23,491,146,17,112,"0.837","20"
"Bichette, Bo",666182,2022,24,652,189,24,155,"0.802","13"
"García, Adolis",666969,2022,29,605,151,27,183,"0.756","25"
"Arozarena, Randy",668227,2022,27,586,154,20,156,"0.772","32"
"Reynolds, Bryan",668804,2022,27,542,142,27,141,"0.806","7"
"Rojas, Josh",668942,2022,28,443,119,9,98,"0.740","23"
"Melendez, MJ",669004,2022,23,460,100,18,131,"0.706","2"
"Murphy, Sean",669221,2022,27,537,134,18,124,"0.758","1"
"Edman, Tommy",669242,2022,27,577,153,13,111,"0.724","32"
"Smith, Will",669257,2022,27,508,132,24,96,"0.808","1"
"Hays, Austin",669720,2022,26,535,134,16,114,"0.719","2"
"Alvarez, Yordan",670541,2022,25,470,144,37,106,"1.019","1"
"Kirk, Alejandro",672386,2022,23,470,134,14,58,"0.787","0"
"Kim, Ha-Seong",673490,2022,26,517,130,11,100,"0.708","12"
"Rodríguez, Julio",677594,2022,21,511,145,28,145,"0.854","25"
"Witt Jr., Bobby",677951,2022,22,591,150,20,135,"0.722","30"
"Kwan, Steven",680757,2022,24,563,168,6,60,"0.773","19"
"Vaughn, Andrew",683734,2022,24,510,138,17,96,"0.750","0"
"Turner, Justin",457759,2023,38,558,154,23,110,"0.800","4"
"Santana, Carlos",467793,2023,37,550,132,23,104,"0.747","6"
"Goldschmidt, Paul",502671,2023,35,593,159,25,161,"0.810","11"
"Freeman, Freddie",518692,2023,33,637,211,29,121,"0.977","23"
"LeMahieu, DJ",518934,2023,34,497,121,15,125,"0.717","2"
"Perez, Salvador",521692,2023,33,538,137,23,135,"0.714","0"
"Ozuna, Marcell",542303,2023,32,530,145,40,134,"0.904","0"
"Semien, Marcus",543760,2023,32,670,185,29,110,"0.826","14"
"Springer, George",543807,2023,33,613,158,21,125,"0.732","20"
"Harper, Bryce",547180,2023,30,457,134,21,119,"0.900","11"
"Abreu, José",547989,2023,36,540,128,18,130,"0.679","0"
"Díaz, Elias",553869,2023,32,486,130,14,118,"0.725","1"
"Suárez, Eugenio",553993,2023,31,598,139,22,214,"0.714","2"
"Arenado, Nolan",571448,2023,32,560,149,26,101,"0.774","3"
"Hernández, Enrique",571771,2023,31,465,110,11,97,"0.646","4"
"Muncy, Max",571970,2023,32,482,102,36,153,"0.808","1"
"Walker, Christian",572233,2023,32,582,150,33,127,"0.830","11"
"Canha, Mark",592192,2023,34,435,114,11,79,"0.755","11"
"Castellanos, Nick",592206,2023,31,626,170,29,185,"0.787","11"
"Drury, Brandon",592273,2023,30,485,127,26,136,"0.803","0"
"Machado, Manny",592518,2023,30,543,140,30,109,"0.781","3"
"Realmuto, J.T.",592663,2023,32,489,123,20,138,"0.762","16"
"Renfroe, Hunter",592669,2023,31,498,116,20,125,"0.713","0"
"Rosario, Eddie",592696,2023,31,478,122,21,122,"0.755","3"
"Yelich, Christian",592885,2023,31,550,153,19,140,"0.817","28"
"Merrifield, Whit",593160,2023,34,547,149,11,101,"0.700","26"
"Bogaerts, Xander",593428,2023,30,596,170,19,110,"0.790","19"
"Profar, Jurickson",595777,2023,30,459,111,9,90,"0.689","1"
"Báez, Javier",595879,2023,30,510,113,9,125,"0.592","12"
"Lindor, Francisco",596019,2023,29,602,153,31,137,"0.806","31"
"Candelario, Jeimer",600869,2023,29,505,127,22,127,"0.807","8"
"Bell, Josh",605137,2023,30,547,135,22,134,"0.744","0"
"Betts, Mookie",605141,2023,30,584,179,39,107,"0.987","14"
"Davis, J.D.",605204,2023,30,480,119,18,152,"0.737","1"
"Arcia, Orlando",606115,2023,28,488,129,17,102,"0.741","1"
"Hernández, Teoscar",606192,2023,30,625,161,26,211,"0.740","7"
"Marte, Ketel",606466,2023,29,569,157,25,109,"0.843","8"
"Nimmo, Brandon",607043,2023,30,592,162,24,146,"0.829","3"
"Turner, Trea",607208,2023,30,639,170,26,150,"0.779","30"
"Ramírez, José",608070,2023,30,611,172,24,73,"0.831","28"
"Bregman, Alex",608324,2023,29,622,163,25,87,"0.804","3"
"Seager, Corey",608369,2023,29,477,156,33,88,"1.013","2"
"Meneses, Joey",608841,2023,31,611,168,13,130,"0.722","0"
"Swanson, Dansby",621020,2023,29,565,138,22,154,"0.744","9"
"Correa, Carlos",621043,2023,28,514,118,18,131,"0.711","0"
"Olson, Matt",621566,2023,29,608,172,54,167,"0.993","1"
"Santander, Anthony",623993,2023,28,591,152,28,152,"0.797","5"
"Alonso, Pete",624413,2023,28,568,123,46,151,"0.822","4"
"Soler, Jorge",624585,2023,31,504,126,36,141,"0.853","1"
"Cronenworth, Jake",630105,2023,29,458,105,10,97,"0.690","6"
"Anderson, Tim",641313,2023,30,493,121,1,122,"0.582","13"
"Bellinger, Cody",641355,2023,27,499,153,26,87,"0.881","20"
"Crawford, J.P.",641487,2023,28,534,142,19,125,"0.818","2"
"McMahon, Ryan",641857,2023,28,555,133,23,198,"0.753","5"
"Smith, Dominic",642086,2023,28,527,134,12,91,"0.692","1"
"Rosario, Amed",642708,2023,27,510,134,6,99,"0.683","15"
"Adames, Willy",642715,2023,27,553,120,24,165,"0.717","5"
"Estrada, Thairo",642731,2023,27,495,134,14,120,"0.731","23"
"Benintendi, Andrew",643217,2023,28,562,147,5,89,"0.682","13"
"McNeil, Jeff",643446,2023,31,585,158,10,65,"0.711","10"
"Albies, Ozzie",645277,2023,26,596,167,33,107,"0.849","13"
"Devers, Rafael",646240,2023,26,580,157,33,126,"0.851","5"
"Arraez, Luis",650333,2023,26,574,203,10,34,"0.862","3"
"Torres, Gleyber",650402,2023,26,596,163,25,98,"0.800","13"
"Díaz, Yandy",650490,2023,31,525,173,22,94,"0.932","0"
"De La Cruz, Bryan",650559,2023,26,579,149,19,142,"0.715","4"
"Chapman, Matt",656305,2023,30,509,122,17,165,"0.754","4"
"McKinstry, Zach",656716,2023,28,464,107,9,113,"0.653","16"
"Schwarber, Kyle",656941,2023,30,585,115,47,215,"0.817","0"
"Thomas, Lane",657041,2023,27,628,168,28,176,"0.783","20"
"Verdugo, Alex",657077,2023,27,546,144,13,93,"0.745","5"
"Ohtani, Shohei",660271,2023,28,497,151,44,143,"1.066","20"
"Acuña Jr., Ronald",660670,2023,25,643,217,41,84,"1.012","73"
"Ruiz, Keibert",660688,2023,24,523,136,18,58,"0.717","1"
"Contreras, William",661388,2023,25,540,156,17,126,"0.824","6"
"Varsho, Daulton",662139,2023,26,527,116,20,135,"0.674","16"
"Nootbaar, Lars",663457,2023,25,426,111,14,99,"0.785","11"
"Hoerner, Nico",663538,2023,26,619,175,9,83,"0.729","43"
"Riley, Austin",663586,2023,26,636,179,37,172,"0.861","3"
"Hayes, Ke'Bryan",663647,2023,26,494,134,15,104,"0.762","10"
"Tucker, Kyle",663656,2023,26,574,163,29,92,"0.886","30"
"India, Jonathan",663697,2023,26,454,111,17,109,"0.745","14"
"Raleigh, Cal",663728,2023,26,513,119,30,158,"0.762","0"
"Grisham, Trent",663757,2023,26,469,93,13,154,"0.667","15"
"Vierling, Matt",663837,2023,26,479,125,10,112,"0.717","6"
"Stephenson, Tyler",663886,2023,26,465,113,13,135,"0.695","0"
"Lowe, Nathaniel",663993,2023,27,623,163,17,165,"0.774","1"
"Happ, Ian",664023,2023,28,580,144,21,153,"0.791","14"
"France, Ty",664034,2023,28,587,147,12,117,"0.703","1"
"Straw, Myles",664702,2023,28,462,110,1,97,"0.598","20"
"Bohm, Alec",664761,2023,26,558,153,20,94,"0.764","4"
"Wade Jr., LaMonte",664774,2023,29,429,110,17,95,"0.790","2"
"Peña, Jeremy",665161,2023,25,577,152,10,129,"0.705","13"
"Tatis Jr., Fernando",665487,2023,24,575,148,25,141,"0.771","29"
"Guerrero Jr., Vladimir",665489,2023,24,602,159,26,100,"0.789","5"
"Soto, Juan",665742,2023,24,568,156,35,129,"0.929","12"
"Taveras, Leody",665750,2023,24,511,136,14,117,"0.733","14"
"Giménez, Andrés",665926,2023,24,557,140,15,112,"0.713","30"
"Bichette, Bo",666182,2023,25,571,175,20,115,"0.814","5"
"García, Adolis",666969,2023,30,555,136,39,175,"0.836","9"
"Gurriel Jr., Lourdes",666971,2023,29,551,144,24,103,"0.772","5"
"Rooker, Brent",667670,2023,28,463,114,30,172,"0.817","4"
"Arozarena, Randy",668227,2023,28,551,140,23,156,"0.789","22"
"Steer, Spencer",668715,2023,25,582,158,23,139,"0.820","15"
"Reynolds, Bryan",668804,2023,28,574,151,24,138,"0.790","12"
"Rutschman, Adley",668939,2023,25,588,163,20,101,"0.809","1"
"Melendez, MJ",669004,2023,24,533,125,16,170,"0.714","6"
"Edman, Tommy",669242,2023,28,479,119,13,84,"0.706","27"
"Smith, Will",669257,2023,28,464,121,19,89,"0.797","3"
"Suwinski, Jack",669261,2023,24,447,100,26,172,"0.793","13"
"Burger, Jake",669394,2023,27,492,123,34,149,"0.827","1"
"Hays, Austin",669720,2023,27,520,143,16,141,"0.769","5"
"Paredes, Isaac",670623,2023,24,492,123,31,104,"0.840","1"
"Friedl, TJ",670770,2023,27,488,136,18,90,"0.819","27"
"Casas, Triston",671213,2023,23,429,113,24,126,"0.857","0"
"Harris II, Michael",671739,2023,22,505,148,18,101,"0.808","20"
"Garcia, Maikel",672580,2023,23,464,126,4,115,"0.681","23"
"Robert Jr., Luis",673357,2023,25,546,144,38,172,"0.857","20"
"Kim, Ha-Seong",673490,2023,27,538,140,17,124,"0.749","38"
"Suzuki, Seiya",673548,2023,28,515,147,20,130,"0.842","6"
"Jung, Josh",673962,2023,25,478,127,23,151,"0.782","1"
"Rodríguez, Julio",677594,2023,22,654,180,32,175,"0.818","37"
"Witt Jr., Bobby",677951,2023,23,641,177,30,121,"0.814","49"
"Tovar, Ezequiel",678662,2023,21,581,147,15,166,"0.695","11"
"Torkelson, Spencer",679529,2023,23,606,141,31,171,"0.759","3"
"Kwan, Steven",680757,2023,25,638,171,5,75,"0.710","21"
"Stott, Bryson",681082,2023,25,585,164,15,100,"0.748","31"
"Outman, James",681546,2023,26,483,120,23,181,"0.790","16"
"Abrams, CJ",682928,2023,22,563,138,18,118,"0.712","47"
"Carroll, Corbin",682998,2023,22,565,161,25,125,"0.868","54"
"Henderson, Gunnar",683002,2023,22,560,143,28,159,"0.814","10"
"Volpe, Anthony",683011,2023,22,541,113,21,167,"0.666","24"
"Vaughn, Andrew",683734,2023,25,566,146,21,129,"0.743","0"
"Yoshida, Masataka",807799,2023,29,537,155,15,81,"0.783","8"
"McCutchen, Andrew",457705,2024,37,448,104,20,133,"0.739","3"
"Turner, Justin",457759,2024,39,460,119,11,95,"0.737","0"
"Santana, Carlos",467793,2024,38,521,124,23,99,"0.748","4"
"Goldschmidt, Paul",502671,2024,36,599,147,22,173,"0.716","11"
"Altuve, Jose",514888,2024,34,628,185,20,119,"0.789","22"
"Freeman, Freddie",518692,2024,34,542,153,22,100,"0.854","9"
"Perez, Salvador",521692,2024,34,590,160,27,129,"0.786","0"
"Ozuna, Marcell",542303,2024,33,606,183,39,170,"0.924","1"
"Semien, Marcus",543760,2024,33,650,154,23,105,"0.699","8"
"Springer, George",543807,2024,34,545,120,19,115,"0.674","16"
"Harper, Bryce",547180,2024,31,550,157,30,138,"0.898","7"
"Suárez, Eugenio",553993,2024,32,571,146,30,176,"0.788","2"
"Arenado, Nolan",571448,2024,33,578,157,16,92,"0.719","2"
"Walker, Christian",572233,2024,33,479,120,26,133,"0.803","2"
"Castellanos, Nick",592206,2024,32,606,154,23,139,"0.742","6"
"Judge, Aaron",592450,2024,32,559,180,58,171,"1.159","10"
"Machado, Manny",592518,2024,31,593,163,29,124,"0.797","11"
"Profar, Jurickson",595777,2024,31,564,158,24,101,"0.839","10"
"Lindor, Francisco",596019,2024,30,618,169,33,127,"0.844","29"
"Bell, Josh",605137,2024,31,538,134,19,120,"0.724","0"
"Betts, Mookie",605141,2024,31,450,130,19,57,"0.863","16"
"Arcia, Orlando",606115,2024,29,551,120,17,128,"0.625","2"
"Hernández, Teoscar",606192,2024,31,589,160,33,188,"0.840","12"
"Marte, Ketel",606466,2024,30,504,147,36,106,"0.932","7"
"Nimmo, Brandon",607043,2024,31,571,128,23,158,"0.726","15"
"Turner, Trea",607208,2024,31,505,149,21,98,"0.807","19"
"Ramírez, José",608070,2024,31,620,173,39,82,"0.872","41"
"Bregman, Alex",608324,2024,30,581,151,26,86,"0.768","3"
"Seager, Corey",608369,2024,30,475,132,30,96,"0.865","1"
"Winker, Jesse",608385,2024,30,430,109,14,106,"0.765","14"
"Swanson, Dansby",621020,2024,30,534,129,16,144,"0.702","19"
"Ward, Taylor",621493,2024,30,585,144,25,163,"0.749","6"
"Olson, Matt",621566,2024,30,600,148,29,170,"0.790","0"
"Santander, Anthony",623993,2024,29,595,140,44,129,"0.814","2"
"Alonso, Pete",624413,2024,29,608,146,34,172,"0.788","3"
"Soler, Jorge",624585,2024,32,493,119,21,141,"0.780","1"
"Cronenworth, Jake",630105,2024,30,577,139,17,118,"0.714","5"
"Bellinger, Cody",641355,2024,28,516,137,18,89,"0.751","9"
"McMahon, Ryan",641857,2024,29,567,137,20,185,"0.722","4"
"Adames, Willy",642715,2024,28,610,153,32,173,"0.793","21"
"Benintendi, Andrew",643217,2024,29,477,109,20,96,"0.685","3"
"Devers, Rafael",646240,2024,27,525,143,28,147,"0.870","3"
"Naylor, Josh",647304,2024,27,563,137,31,105,"0.776","6"
"Arraez, Luis",650333,2024,27,637,200,4,29,"0.738","9"
"Torres, Gleyber",650402,2024,27,587,151,15,136,"0.708","4"
"Castro, Willi",650489,2024,27,558,138,12,150,"0.716","14"
"Díaz, Yandy",650490,2024,32,563,158,14,95,"0.755","0"
"De La Cruz, Bryan",650559,2024,27,584,136,21,170,"0.655","5"
"Chapman, Matt",656305,2024,31,575,142,27,158,"0.791","15"
"Hoskins, Rhys",656555,2024,31,449,96,26,149,"0.722","3"
"Schwarber, Kyle",656941,2024,31,573,142,38,197,"0.851","5"
"Thomas, Lane",657041,2024,28,472,112,15,137,"0.709","32"
"Verdugo, Alex",657077,2024,28,559,130,13,93,"0.647","2"
"Ohtani, Shohei",660271,2024,29,636,197,54,162,"1.036","59"
"Sánchez, Jesús",660821,2024,26,489,123,18,140,"0.730","16"
"Contreras, William",661388,2024,26,595,167,23,139,"0.831","9"
"Varsho, Daulton",662139,2024,27,459,98,18,137,"0.700","10"
"Hoerner, Nico",663538,2024,27,582,159,7,66,"0.708","31"
"Mountcastle, Ryan",663624,2024,27,473,128,13,114,"0.733","3"
"India, Jonathan",663697,2024,27,533,132,15,125,"0.749","13"
"Raleigh, Cal",663728,2024,27,546,120,34,176,"0.748","6"
"Vierling, Matt",663837,2024,27,518,133,16,121,"0.735","6"
"Stephenson, Tyler",663886,2024,27,457,118,19,117,"0.782","1"
"Rodgers, Brendan",663898,2024,27,501,134,13,132,"0.721","1"
"Lowe, Nathaniel",663993,2024,28,486,129,16,125,"0.762","2"
"Happ, Ian",664023,2024,29,569,138,25,168,"0.782","13"
"France, Ty",664034,2024,29,479,112,13,114,"0.670","1"
"Bohm, Alec",664761,2024,27,554,155,15,86,"0.780","5"
"Peña, Jeremy",665161,2024,26,602,160,15,111,"0.702","20"
"Guerrero Jr., Vladimir",665489,2024,25,616,199,30,96,"0.940","2"
"Soto, Juan",665742,2024,25,576,166,41,119,"0.988","7"
"Taveras, Leody",665750,2024,25,480,110,12,112,"0.641","23"
"Cruz, Oneil",665833,2024,25,541,140,21,181,"0.773","22"
"Chisholm Jr., Jazz",665862,2024,26,562,144,24,152,"0.760","40"
"Giménez, Andrés",665926,2024,25,583,147,9,97,"0.638","30"
"Morel, Christopher",666624,2024,25,535,105,21,159,"0.634","8"
"García, Adolis",666969,2024,31,580,130,25,177,"0.684","11"
"Gurriel Jr., Lourdes",666971,2024,30,513,143,18,101,"0.757","7"
"Rooker, Brent",667670,2024,29,546,160,39,177,"0.927","11"
"Arozarena, Randy",668227,2024,29,549,120,20,169,"0.720","20"
"Bleday, JJ",668709,2024,26,572,139,20,125,"0.761","2"
"Steer, Spencer",668715,2024,26,574,129,20,137,"0.721","25"
"Reynolds, Bryan",668804,2024,29,622,171,24,156,"0.791","10"
"Turang, Brice",668930,2024,24,559,142,7,105,"0.665","50"
"Rutschman, Adley",668939,2024,26,571,143,19,103,"0.709","1"
"Langeliers, Shea",669127,2024,26,482,108,29,145,"0.738","4"
"Smith, Will",669257,2024,29,476,118,20,105,"0.760","1"
"Burger, Jake",669394,2024,28,535,134,29,150,"0.761","1"
"Smith, Josh",669701,2024,26,523,135,13,121,"0.731","11"
"Alvarez, Yordan",670541,2024,27,552,170,35,95,"0.959","6"
"Paredes, Isaac",670623,2024,25,542,129,19,105,"0.739","1"
"Ramos, Heliot",671218,2024,24,475,128,22,135,"0.791","6"
"García Jr., Luis",671277,2024,24,500,141,18,86,"0.762","22"
"Garcia, Maikel",672580,2024,24,575,133,7,103,"0.613","37"
"Diaz, Yainer",673237,2024,25,585,175,16,107,"0.766","2"
"Suzuki, Seiya",673548,2024,29,512,145,21,160,"0.848","16"
"Burleson, Alec",676475,2024,25,547,147,21,76,"0.734","9"
"Meyers, Jake",676694,2024,28,461,101,13,117,"0.646","11"
"Rodríguez, Julio",677594,2024,23,567,155,20,156,"0.734","24"
"Witt Jr., Bobby",677951,2024,24,636,211,32,106,"0.977","31"
"Tovar, Ezequiel",678662,2024,22,655,176,26,200,"0.764","6"
"Rafaela, Ceddanne",678882,2024,23,544,134,15,151,"0.664","19"
"Kwan, Steven",680757,2024,26,480,140,14,51,"0.793","12"
"Duran, Jarren",680776,2024,27,671,191,21,160,"0.834","34"
"Gelof, Zack",680869,2024,24,497,105,17,188,"0.632","25"
"Donovan, Brendan",680977,2024,27,587,163,14,81,"0.759","5"
"Stott, Bryson",681082,2024,26,506,124,11,93,"0.671","32"
"Cowser, Colton",681297,2024,24,499,121,24,172,"0.768","9"
"O'Hoppe, Logan",681351,2024,24,479,117,20,155,"0.712","2"
"De La Cruz, Elly",682829,2024,22,618,160,25,218,"0.810","67"
"Abrams, CJ",682928,2024,23,541,133,20,128,"0.747","31"
"Greene, Riley",682985,2024,23,512,134,24,156,"0.827","4"
"Carroll, Corbin",682998,2024,23,589,136,22,130,"0.750","35"
"Henderson, Gunnar",683002,2024,23,630,177,37,159,"0.893","21"
"Volpe, Anthony",683011,2024,23,637,155,12,156,"0.657","28"
"Vaughn, Andrew",683734,2024,26,570,140,19,132,"0.699","2"
"Busch, Michael",683737,2024,26,496,123,21,162,"0.775","2"
"Frelick, Sal",686217,2024,24,475,123,2,78,"0.655","18"
"Pasquantino, Vinnie",686469,2024,26,496,130,19,71,"0.761","1"
"Doyle, Brenton",686668,2024,26,542,141,23,153,"0.763","30"
"Neto, Zach",687263,2024,23,542,135,23,140,"0.761","30"
"Ortiz, Joey",687401,2024,25,440,105,11,103,"0.727","11"
"Keith, Colt",690993,2024,22,516,134,13,110,"0.689","7"
"Winn, Masyn",691026,2024,22,587,157,15,109,"0.730","11"
"Chourio, Jackson",694192,2024,20,528,145,21,121,"0.791","22"
"Schanuel, Nolan",694384,2024,22,519,130,13,103,"0.705","10"
"Langford, Wyatt",694671,2024,22,499,126,16,115,"0.740","19"
"Young, Jacob",696285,2024,24,468,120,3,102,"0.647","33"
"Merrill, Jackson",701538,2024,21,554,162,24,101,"0.826","16"
"McCutchen, Andrew",457705,2025,38,477,114,13,118,"0.700","1"
"Goldschmidt, Paul",502671,2025,37,489,134,10,100,"0.731","5"
"Altuve, Jose",514888,2025,35,588,156,26,109,"0.771","10"
"Freeman, Freddie",518692,2025,35,556,164,24,128,"0.869","6"
"Perez, Salvador",521692,2025,35,597,141,30,125,"0.730","0"
"Ozuna, Marcell",542303,2025,34,487,113,21,144,"0.755","0"
"Semien, Marcus",543760,2025,34,470,108,15,93,"0.669","11"
"Springer, George",543807,2025,35,498,154,32,111,"0.959","18"
"Trout, Mike",545361,2025,33,456,106,26,178,"0.798","2"
"Harper, Bryce",547180,2025,32,501,131,27,121,"0.844","12"
"Suárez, Eugenio",553993,2025,33,588,134,49,196,"0.824","4"
"Walker, Christian",572233,2025,34,585,139,27,177,"0.718","2"
"Yastrzemski, Mike",573262,2025,34,477,111,17,108,"0.736","7"
"Contreras, Willson",575929,2025,33,490,126,20,142,"0.791","5"
"Castellanos, Nick",592206,2025,33,547,137,17,133,"0.694","4"
"Judge, Aaron",592450,2025,33,541,179,53,160,"1.145","12"
"Machado, Manny",592518,2025,32,615,169,27,131,"0.795","14"
"Realmuto, J.T.",592663,2025,34,502,129,12,129,"0.699","8"
"Yelich, Christian",592885,2025,33,573,151,29,167,"0.795","16"
"Bogaerts, Xander",593428,2025,32,491,129,11,94,"0.719","20"
"Polanco, Jorge",593871,2025,31,471,125,26,82,"0.821","6"
"Lindor, Francisco",596019,2025,31,644,172,31,131,"0.812","31"
"Story, Trevor",596115,2025,32,612,161,25,176,"0.741","31"
"Bell, Josh",605137,2025,32,468,111,22,88,"0.742","0"
"Betts, Mookie",605141,2025,32,589,152,20,68,"0.732","8"
"Hernández, Teoscar",606192,2025,32,511,126,25,134,"0.738","5"
"Marte, Ketel",606466,2025,31,480,136,28,83,"0.893","4"
"Nimmo, Brandon",607043,2025,32,587,154,25,141,"0.760","13"
"Turner, Trea",607208,2025,32,589,179,15,107,"0.812","36"
"Ramírez, José",608070,2025,32,593,168,30,74,"0.863","44"
"Swanson, Dansby",621020,2025,31,590,144,24,168,"0.717","20"
"Correa, Carlos",621043,2025,30,537,148,13,113,"0.734","0"
"Buxton, Byron",621439,2025,31,488,129,35,148,"0.878","24"
"Ward, Taylor",621493,2025,31,579,132,36,175,"0.792","4"
"Olson, Matt",621566,2025,31,624,170,29,176,"0.850","1"
"Alonso, Pete",624413,2025,30,624,170,38,162,"0.871","1"
"Cronenworth, Jake",630105,2025,31,419,103,11,107,"0.744","3"
"Bellinger, Cody",641355,2025,29,588,160,29,90,"0.814","13"
"Crawford, J.P.",641487,2025,30,570,151,12,122,"0.722","8"
"McMahon, Ryan",641857,2025,30,509,109,20,189,"0.693","3"
"Adames, Willy",642715,2025,29,591,133,30,179,"0.739","12"
"Albies, Ozzie",645277,2025,28,603,145,16,94,"0.671","14"
"Devers, Rafael",646240,2025,28,607,153,35,192,"0.851","1"
"Naylor, Josh",647304,2025,28,543,160,20,83,"0.815","30"
"Arraez, Luis",650333,2025,28,620,181,8,21,"0.719","11"
"Torres, Gleyber",650402,2025,28,532,136,16,101,"0.745","4"
"Díaz, Yandy",650490,2025,33,583,175,25,92,"0.848","3"
"Rengifo, Luis",650859,2025,28,501,119,9,104,"0.622","10"
"Chapman, Matt",656305,2025,32,454,105,21,126,"0.770","9"
"McKinstry, Zach",656716,2025,30,452,117,12,111,"0.771","19"
"O'Hearn, Ryan",656811,2025,31,474,133,17,109,"0.803","3"
"Schwarber, Kyle",656941,2025,32,604,145,56,197,"0.928","10"
"Sheets, Gavin",657757,2025,29,492,124,19,107,"0.746","2"
"Ohtani, Shohei",660271,2025,30,611,172,55,187,"1.014","20"
"Contreras, William",661388,2025,27,566,147,17,120,"0.754","6"
"Nootbaar, Lars",663457,2025,27,509,119,13,119,"0.686","4"
"Hoerner, Nico",663538,2025,28,599,178,7,49,"0.739","29"
"Larnach, Trevor",663616,2025,28,503,126,17,122,"0.727","4"
"Hayes, Ke'Bryan",663647,2025,28,527,124,5,111,"0.596","12"
"Tucker, Kyle",663656,2025,28,500,133,22,88,"0.841","25"
"India, Jonathan",663697,2025,28,497,116,9,106,"0.669","0"
"Raleigh, Cal",663728,2025,28,596,147,60,188,"0.948","14"
"Grisham, Trent",663757,2025,28,494,116,34,137,"0.812","3"
"Lowe, Nathaniel",663993,2025,29,540,123,18,159,"0.688","1"
"Happ, Ian",664023,2025,30,569,138,23,151,"0.762","6"
"Lowe, Brandon",664040,2025,30,507,130,31,149,"0.784","3"
"Bohm, Alec",664761,2025,28,464,133,11,82,"0.740","2"
"Peña, Jeremy",665161,2025,27,493,150,17,93,"0.840","20"
"Tatis Jr., Fernando",665487,2025,26,594,159,25,129,"0.814","32"
"Guerrero Jr., Vladimir",665489,2025,26,589,172,23,94,"0.848","6"
"Soto, Juan",665742,2025,26,577,152,43,137,"0.921","38"
"Cruz, Oneil",665833,2025,26,471,94,20,174,"0.676","38"
"Chisholm Jr., Jazz",665862,2025,27,462,112,31,148,"0.813","31"
"Lux, Gavin",666158,2025,27,446,120,5,114,"0.724","1"
"Adell, Jo",666176,2025,26,526,124,37,151,"0.778","5"
"Bichette, Bo",666182,2025,27,582,181,18,91,"0.840","4"
"García, Adolis",666969,2025,32,507,115,19,135,"0.665","13"
"Gurriel Jr., Lourdes",666971,2025,31,500,124,19,76,"0.713","10"
"Rooker, Brent",667670,2025,30,626,164,30,155,"0.814","6"
"Arozarena, Randy",668227,2025,30,613,146,27,191,"0.760","31"
"Steer, Spencer",668715,2025,27,509,121,21,129,"0.723","7"
"Reynolds, Bryan",668804,2025,30,587,144,16,173,"0.720","3"
"Turang, Brice",668930,2025,25,584,168,18,150,"0.794","24"
"Langeliers, Shea",669127,2025,27,481,133,31,103,"0.861","7"
"Edwards, Xavier",669364,2025,25,561,159,3,88,"0.696","27"
"Smith, Josh",669701,2025,27,495,124,10,100,"0.701","12"
"Friedl, TJ",670770,2025,29,579,151,14,115,"0.742","12"
"Ramos, Heliot",671218,2025,25,620,159,21,158,"0.728","6"
"García Jr., Luis",671277,2025,25,488,123,16,84,"0.701","14"
"Butler, Lawrence",671732,2025,24,569,133,21,179,"0.710","22"
"Harris II, Michael",671739,2025,24,611,152,20,128,"0.677","20"
"Kirk, Alejandro",672386,2025,26,451,127,15,59,"0.769","1"
"Garcia, Maikel",672580,2025,25,595,170,16,84,"0.800","23"
"Lopez, Otto",672640,2025,26,544,134,15,82,"0.673","15"
"Perdomo, Geraldo",672695,2025,25,597,173,20,83,"0.851","27"
"Sosa, Lenyn",672820,2025,25,518,137,22,127,"0.727","2"
"Diaz, Yainer",673237,2025,26,542,139,20,95,"0.701","1"
"Suzuki, Seiya",673548,2025,30,571,140,32,164,"0.804","5"
"Jung, Josh",673962,2025,27,482,121,14,129,"0.684","4"
"Clement, Ernie",676391,2025,29,545,151,9,61,"0.711","6"
"Burleson, Alec",676475,2025,26,497,144,18,79,"0.802","5"
"Wagaman, Eric",676572,2025,27,476,119,9,100,"0.674","4"
"Rodríguez, Julio",677594,2025,24,652,174,32,152,"0.798","30"
"Witt Jr., Bobby",677951,2025,25,623,184,23,125,"0.852","38"
"Vargas, Miguel",678246,2025,25,504,118,16,100,"0.717","6"
"Rafaela, Ceddanne",678882,2025,24,546,136,16,117,"0.709","20"
"Torkelson, Spencer",679529,2025,25,563,135,31,169,"0.789","2"
"McLain, Matt",680574,2025,25,510,112,15,167,"0.643","18"
"Barger, Addison",680718,2025,25,460,112,21,121,"0.755","4"
"Kwan, Steven",680757,2025,27,625,170,11,60,"0.704","21"
"Duran, Jarren",680776,2025,28,620,159,16,169,"0.774","24"
"Donovan, Brendan",680977,2025,28,460,132,10,67,"0.775","3"
"Stott, Bryson",681082,2025,27,499,128,13,91,"0.719","24"
"Pages, Andy",681624,2025,24,581,158,27,135,"0.774","14"
"Ramírez, Agustín",682663,2025,23,537,124,21,113,"0.700","16"
"De La Cruz, Elly",682829,2025,23,629,166,22,181,"0.776","37"
"Abrams, CJ",682928,2025,24,580,149,19,125,"0.748","31"
"Greene, Riley",682985,2025,24,600,155,36,201,"0.806","2"
"Carroll, Corbin",682998,2025,24,564,146,31,153,"0.884","32"
"Henderson, Gunnar",683002,2025,24,577,158,17,137,"0.787","30"
"Volpe, Anthony",683011,2025,24,539,114,19,150,"0.663","18"
"Busch, Michael",683737,2025,27,524,137,34,139,"0.866","4"
"Frelick, Sal",686217,2025,25,528,152,12,80,"0.756","19"
"Pasquantino, Vinnie",686469,2025,27,621,164,32,107,"0.798","1"
"Doyle, Brenton",686668,2025,27,502,117,15,138,"0.650","18"
"Lee, Brooks",686797,2025,24,487,115,16,92,"0.655","3"
"Neto, Zach",687263,2025,24,502,129,26,149,"0.793","26"
"Ortiz, Joey",687401,2025,26,470,108,7,74,"0.593","14"
"Beck, Jordan",687597,2025,24,539,139,16,174,"0.733","19"
"Soderstrom, Tyler",691016,2025,23,561,155,25,141,"0.820","8"
"Winn, Masyn",691026,2025,23,491,124,9,102,"0.673","9"
"Caminero, Junior",691406,2025,21,602,159,45,125,"0.846","7"
"Crow-Armstrong, Pete",691718,2025,23,591,146,31,155,"0.768","35"
"Chourio, Jackson",694192,2025,21,549,148,21,121,"0.771","21"
"Schanuel, Nolan",694384,2025,23,488,129,12,71,"0.742","5"
"Langford, Wyatt",694671,2025,23,489,118,22,151,"0.775","22"
"Wood, James",695578,2025,22,598,153,31,221,"0.825","15"
"Goodman, Hunter",696100,2025,25,540,150,31,152,"0.843","1"
"Rice, Ben",700250,2025,26,467,119,26,100,"0.836","3"
"Manzardo, Kyle",700932,2025,24,470,110,27,135,"0.768","2"
"Durbin, Caleb",702332,2025,25,445,114,11,50,"0.721","18"
"Holliday, Jackson",702616,2025,21,586,142,17,140,"0.689","17"
"Meidroth, Chase",805367,2025,23,450,114,5,72,"0.649","14"
"Wilson, Jacob",805779,2025,23,486,151,13,39,"0.799","5"
"Lee, Jung Hoo",808982,2025,26,560,149,8,71,"0.734","10"